filename,region_count,region_id,uid,x1,y1,x2,y2,label,occlusion,wordnet_sense
0-0-0.jpg,6,0,b2b43078-a345-4a33-ab33-14143f877ec2,712,46,800,97,cup,none,cup.n.01
0-0-0.jpg,6,1,35cf69e1-6e43-4cfe-8b60-244fe1a7ec2f,632,31,674,70,rubiks_cube,none,toy.n.01
0-0-0.jpg,6,2,d9915931-f7eb-48d5-856f-f3680c0af323,189,1,256,104,wine_bottle,partial,wine-bottle.n.01
0-0-0.jpg,6,3,ff638a06-cdb4-470e-9e54-320fd4287f5f,393,0,498,69,teddy_bear,partial,teddy.n.01
0-0-0.jpg,6,4,d4a21533-3ad9-4d95-a223-566696ea64ee,455,65,630,113,book,none,book.n.02
0-0-0.jpg,6,5,6ff89c59-d6ad-4524-8d13-a3f466a53f36,22,53,965,522,desk,partial,desk.n.01
0-0-1.jpg,8,0,3a447e6a-c537-4625-992a-b5e5cb684af7,232,197,285,387,wine_bottle,none,wine-bottle.n.01
0-0-1.jpg,8,1,5e0fe3c9-5fa3-46b4-8830-74e5f1ba0505,414,255,503,355,teddy_bear,none,teddy.n.01
0-0-1.jpg,8,2,c51932c9-00ec-46c3-a57d-45d55f427276,626,324,663,355,rubiks_cube,none,toy.n.01
0-0-1.jpg,8,3,a879be87-52dd-451f-bd98-c513225b3a71,696,334,776,380,cup,none,cup.n.01
0-0-1.jpg,8,4,85f39d92-eea7-4d40-a2d7-a731163d252c,463,351,626,402,book,none,book.n.02
0-0-1.jpg,8,5,3d53e197-e121-40b0-a33e-658d9ff5b7a1,602,1,782,257,window,partial,window.n.01
0-0-1.jpg,8,6,d0269af9-72ca-4a22-ac0b-3ebebf0cd205,373,1,570,278,window,partial,window.n.01
0-0-1.jpg,8,7,041cb12d-c29d-4de2-a7d9-a27ea6ddd4c4,62,340,935,519,desk,partial,desk.n.01
0-0-2.jpg,2,0,402505ba-7ccf-46ae-8d71-d7f047e16e11,371,202,571,520,window,partial,window.n.01
0-0-2.jpg,2,1,abafa3be-c3b8-4a71-9b1e-9486daacf68b,591,184,789,521,window,partial,window.n.01
0-1-0.jpg,1,0,b1321f5b-7f1f-478b-9205-dacdcde40bfa,505,402,626,519,ball,none,ball.n.01
0-1-1.jpg,1,0,56f28474-7cfd-4f06-8cd4-9df5e0130d3f,373,2,535,212,bag,partial,bag.n.04
0-1-2.jpg,1,0,9fb2893b-ce5e-4c71-b6a0-391f5d89b5a0,384,131,535,465,bag,none,bag.n.04
0-2-0.jpg,5,0,022508f6-b287-4050-bbfe-5263165105da,150,48,418,367,chair,none,chair.n.01
0-2-0.jpg,5,1,1ec86a41-bd46-4ed0-a2d2-1279fcb446a5,533,0,639,100,door,partial,door.n.01
0-2-0.jpg,5,2,5d1f55ee-45f1-4dcf-a046-35a3acb127ae,645,1,822,207,door,partial,door.n.01
0-2-0.jpg,5,3,0cd32574-e217-4c93-b2c4-b065dbc27da0,357,0,467,196,box,partial,box.n.01
0-2-0.jpg,5,4,8eb32735-f57e-4392-9165-4c90442f241d,360,89,460,192,bag,partial,bag.n.04
0-2-1.jpg,9,0,50331a19-bce5-4141-9b1e-d07b8d10397b,948,0,1045,307,jacket,none,jacket.n.01
0-2-1.jpg,9,1,cd0a191c-570f-4f44-b441-9a8bfe9da653,358,387,467,490,bag,partial,bag.n.04
0-2-1.jpg,9,2,187c1d28-9f22-4874-83d8-a1f569928862,375,283,477,480,box,partial,box.n.01
0-2-1.jpg,9,3,c389400f-bd51-435c-bddf-08209e708bd0,536,160,634,397,door,none,door.n.01
0-2-1.jpg,9,4,37a8d42b-7f56-42a5-8664-7ba48ca9eb08,651,51,795,498,door,none,door.n.01
0-2-1.jpg,9,5,8543f6ad-345a-452e-8d9c-3f93188efef9,183,350,409,522,chair,partial,chair.n.01
0-2-1.jpg,9,6,fd3dbbe8-cc44-446e-b785-329ef9cca04e,503,125,590,141,lamp,partial,lamp.n.02
0-2-1.jpg,9,7,958abae7-832c-41f4-aaf6-329c1c6d59a2,609,279,631,302,door_handle,none,doorhandle.n.01
0-2-1.jpg,9,8,981ed050-95e4-4b4b-a0ff-730d5954d714,747,265,786,302,door_handle,none,doorhandle.n.01
0-2-2.jpg,5,0,1caa4921-9896-4602-8afc-d0e746228935,433,114,744,172,lamp,none,lamp.n.02
0-2-2.jpg,5,1,c7e24656-87f1-4b18-9df2-fcd5deb879c2,538,402,634,523,door,partial,door.n.01
0-2-2.jpg,5,2,f441e7d2-412b-4b20-abab-6664efb7cf30,644,305,808,520,door,partial,door.n.01
0-2-2.jpg,5,3,5f08a018-1f69-49d2-a9d3-171e2979df98,916,239,1035,521,jacket,none,jacket.n.01
0-2-2.jpg,5,4,987909f0-6e87-46f5-be9c-fb20b3235f81,505,370,590,385,lamp,partial,lamp.n.02
0-3-0.jpg,1,0,22896ca7-3306-4de0-982e-1c57503b2854,545,2,1076,517,chair,partial,chair.n.01
0-3-1.jpg,1,0,2a4e05c5-6577-4a1f-bae3-fc63157eb9c1,506,242,1001,521,chair,partial,chair.n.01
0-3-2.jpg,1,0,230a5b41-9237-4244-93e9-b4550e9d2ae6,3,235,50,427,jacket,partial,jacket.n.01
1-0-0.jpg,8,0,03502e79-e2e0-4413-9f78-3164d01f488a,772,220,842,290,ball,none,ball.n.01
1-0-0.jpg,8,1,0c21cbcf-f394-4f4d-80bf-85e3f1d3e985,599,12,617,27,rubiks_cube,none,toy.n.01
1-0-0.jpg,8,2,a712955d-c0d4-43bf-a1ec-fbec73904f06,624,12,654,31,cup,none,cup.n.01
1-0-0.jpg,8,3,94a14f6b-724e-4a66-adce-55e8a9bf813f,532,16,594,34,book,none,book.n.02
1-0-0.jpg,8,4,29e16a01-95db-471d-b3d3-b30b8010a939,501,0,542,24,teddy_bear,partial,teddy.n.01
1-0-0.jpg,8,5,0324b446-19a1-4b42-99f0-6800391348e3,441,0,460,31,wine_bottle,partial,wine-bottle.n.01
1-0-0.jpg,8,6,21c75c01-c7c9-47e5-924e-1d9ad4516d7e,399,21,695,212,desk,partial,desk.n.01
1-0-0.jpg,8,7,112564d3-d26d-4b40-b01e-f91dd9ccf890,228,0,461,290,chair,partial,chair.n.01
1-0-1.jpg,10,0,5bf2c69d-152c-44dc-9fa7-71decbb51298,808,56,847,258,bag,none,bag.n.04
1-0-1.jpg,10,1,8f5d1118-da97-47ce-ae6c-bfb8a74a236d,589,102,677,294,window,none,window.n.01
1-0-1.jpg,10,2,9e29aabe-45e7-4d5c-920e-b8aecba24ece,455,270,472,340,wine_bottle,none,wine-bottle.n.01
1-0-1.jpg,10,3,9ab897f6-4613-44de-8928-ffcabe7e5f75,619,322,647,339,cup,none,cup.n.01
1-0-1.jpg,10,4,4c86fef0-47a1-4047-946e-b4ba51b4fb76,595,320,612,335,rubiks_cube,none,toy.n.01
1-0-1.jpg,10,5,f22dd4cb-504b-42f4-98d3-989751e41ad5,506,290,547,338,teddy_bear,none,teddy.n.01
1-0-1.jpg,10,6,335113e0-8d48-4709-8288-5903f6cb6f57,538,329,590,341,book,none,book.n.02
1-0-1.jpg,10,7,21b968ca-5425-43b3-8f72-e7500ba1d19b,473,102,572,303,window,none,window.n.01
1-0-1.jpg,10,8,c3330edd-2e6a-4a60-83e6-28ff28dcd7cc,257,276,443,522,chair,partial,chair.n.01
1-0-1.jpg,10,9,c23e832a-31ea-4821-8555-ac7ab3ade2fb,411,329,687,506,desk,partial,desk.n.01
1-0-2.jpg,4,0,840fedc7-f9cd-4027-b7ed-a1eb2bcdfd6e,392,186,659,242,lamp,none,lamp.n.02
1-0-2.jpg,4,1,a0c595c8-875e-43e1-92e4-ce10e37a57f4,796,314,849,510,bag,none,bag.n.04
1-0-2.jpg,4,2,e438ff75-df3f-4346-bd9a-28adda63b563,587,358,687,520,window,partial,window.n.01
1-0-2.jpg,4,3,f6f90b77-6f74-4c2b-9572-1aaefe690c46,469,358,577,521,window,partial,window.n.01
1-1-0.jpg,2,0,c1e4f4ec-34fd-446e-8947-fca609e8e73f,140,68,591,520,chair,partial,chair.n.01
1-1-0.jpg,2,1,e9ba18dd-19d1-4e4b-9297-9cedfe975420,910,237,1079,519,bag,partial,bag.n.04
1-1-1.jpg,1,0,47f8eab6-f1d3-4fe5-88f2-a184e17e2703,179,395,584,521,chair,partial,chair.n.01
1-2-0.jpg,4,0,086110fa-66d6-4759-a9c1-bc152a6ff978,482,0,636,140,door,partial,door.n.01
1-2-0.jpg,4,1,35128a9f-81b7-4791-bdeb-93c6fb28df85,672,1,1078,471,door,partial,door.n.01
1-2-0.jpg,4,2,6a92e053-b886-4b4e-a4ea-ab027cc617af,9,238,262,452,bag,none,bag.n.04
1-2-0.jpg,4,3,9a53d95b-950b-4fc7-9b2a-0b11c8949d2d,2,1,336,399,box,partial,box.n.01
1-2-1.jpg,7,0,baabaa7c-9232-4983-ba0f-b3b07abc59ae,50,271,317,523,box,partial,box.n.01
1-2-1.jpg,7,1,7a55a254-094b-49b4-93c0-126654fdf1a1,387,6,565,42,lamp,partial,lamp.n.02
1-2-1.jpg,7,2,691a3140-6a19-4ac2-a8f4-36dc60c30cc1,680,0,1079,521,door,partial,door.n.01
1-2-1.jpg,7,3,3b35717d-8eaa-4423-a961-8c432048c739,488,91,630,441,door,none,door.n.01
1-2-1.jpg,7,4,966baeed-dc4e-405f-9b27-ef9e960465a7,636,174,666,193,sign,none,sign.n.02
1-2-1.jpg,7,5,d1a7f2c6-817a-4f4a-81e6-b1951d46f308,597,271,626,305,door_handle,none,doorhandle.n.01
1-2-1.jpg,7,6,822ebd9a-5140-4cf6-8da3-fee718808eb0,973,206,1078,305,door_handle,none,doorhandle.n.01
1-2-2.jpg,5,0,dc3c709e-5363-4de8-a084-dfb5f88ed320,486,348,631,521,door,partial,door.n.01
1-2-2.jpg,5,1,e31fffe6-f45a-4afb-8473-f5310bc73ff0,401,276,564,306,lamp,partial,lamp.n.02
1-2-2.jpg,5,2,ac9691c1-b7a1-455b-976d-3efb910d5d96,658,28,1079,520,door,partial,door.n.01
1-2-2.jpg,5,3,711cffb1-dec0-4076-80cc-9a2f7fed3adc,968,449,1074,520,door_handle,partial,doorhandle.n.01
1-2-2.jpg,5,4,a872d630-adf5-4404-9910-a00e2f9f71d6,639,427,669,449,sign,none,sign.n.02
1-3-0.jpg,1,0,ade8f86f-fa54-43d2-a536-b010e1b18409,1,2,150,494,door,severe,door.n.01
1-3-1.jpg,3,0,b334228a-ac63-4aa8-804c-27e3baff0d6f,2,0,93,520,door,partial,door.n.01
1-3-1.jpg,3,1,d07878a1-8283-47a0-8f50-857b030035a3,612,4,825,326,jacket,partial,jacket.n.01
1-3-1.jpg,3,2,9a81721a-b2f0-49e5-929d-1018095291d4,2,237,52,329,door_handle,partial,doorhandle.n.01
1-3-2.jpg,3,0,07c87f2a-9526-4954-bdc3-a2e4cc67a663,613,194,822,521,jacket,partial,jacket.n.01
1-3-2.jpg,3,1,872b4f1e-c34d-4538-836c-8d0ebf25a481,0,19,204,520,door,partial,door.n.01
1-3-2.jpg,3,2,6eb1c3e2-45e1-4153-aecb-e11e45b5e748,2,473,60,521,door_handle,partial,doorhandle.n.01
2-0-0.jpg,5,0,c38d698e-8bc7-4721-8946-e09cbb6df194,639,19,772,210,chair,none,chair.n.01
2-0-0.jpg,5,1,d53ff292-844f-49fe-a348-7b18e5cf6e6c,405,0,501,129,chair,partial,chair.n.01
2-0-0.jpg,5,2,5318c940-49ab-45a4-93a3-757bff8b66b6,471,7,619,112,desk,partial,desk.n.01
2-0-0.jpg,5,3,e33fbd84-31a4-4bb9-9cb9-6adb8521758e,735,198,776,313,bag,severe,bag.n.04
2-0-0.jpg,5,4,03ed6a85-3878-44ef-b6eb-8af3f7cd1f41,237,1,348,438,door,severe,door.n.01
2-0-1.jpg,11,0,7a90ec1f-92c1-461a-886f-20a166384ed6,458,99,610,124,lamp,none,lamp.n.02
2-0-1.jpg,11,1,bf7d0d17-1481-492e-8e1e-ceafea7616f2,306,129,362,300,jacket,none,jacket.n.01
2-0-1.jpg,11,2,f799ee5c-3915-4cb0-8e7a-a2952acc1d2e,635,319,756,498,chair,none,chair.n.01
2-0-1.jpg,11,3,c56c52e5-4fbf-4800-86f7-67358da65e7e,572,180,620,288,window,none,window.n.01
2-0-1.jpg,11,4,3fa489e4-4afd-4f58-af24-e124ad329d66,503,178,561,292,window,none,window.n.01
2-0-1.jpg,11,5,71321293-6618-495e-8d1a-48c288993f12,417,283,498,410,chair,none,chair.n.01
2-0-1.jpg,11,6,e5bd2f78-5229-4c9a-bf9b-ee1083d10d24,482,305,613,407,desk,partial,desk.n.01
2-0-1.jpg,11,7,42124442-d162-48f9-ae34-c64e444d4f63,670,181,678,275,bag,none,bag.n.04
2-0-1.jpg,11,8,0a4b0c0c-f1a7-47b0-acc8-e0fd2628be7d,282,1,310,520,door,severe,door.n.01
2-0-1.jpg,11,9,63ac1d31-c926-4e35-a57f-23bf59df0fae,496,278,508,317,wine_bottle,none,wine-bottle.n.01
2-0-1.jpg,11,10,977b453e-c341-43ea-943e-999be86816f0,524,288,545,315,teddy_bear,none,teddy.n.01
2-0-2.jpg,8,0,35961b40-dcf7-419d-97b4-010adc79738f,404,225,646,269,lamp,none,lamp.n.02
2-0-2.jpg,8,1,814f44ee-8329-4465-affa-01aad85346da,308,392,350,521,jacket,partial,jacket.n.01
2-0-2.jpg,8,2,35b1f26c-96ed-4635-9ec5-7b18fdec2783,461,362,606,385,lamp,none,lamp.n.02
2-0-2.jpg,8,3,81877519-432a-4676-96b2-d60509c717b7,572,439,624,520,window,partial,window.n.01
2-0-2.jpg,8,4,147f33a6-247a-489c-b1e8-3ac1d8dab13c,502,438,561,523,window,partial,window.n.01
2-0-2.jpg,8,5,a89f7b2d-79de-4165-b98c-f9e61528f513,775,155,862,202,sign,none,sign.n.02
2-0-2.jpg,8,6,e1d65685-1cf3-40d8-b0ea-6d3cee795f10,667,445,683,521,bag,partial,bag.n.04
2-0-2.jpg,8,7,4d249d3f-96c9-4aaf-b8e1-5303cd368920,286,77,375,521,door,severe,door.n.01
2-1-0.jpg,5,0,d0d0a386-028b-4f9e-809e-cb6f9f296f3e,755,1,876,248,door,partial,door.n.01
2-1-0.jpg,5,1,5129a291-5821-4462-ace3-d2fb3b3edadd,545,1,642,87,door,partial,door.n.01
2-1-0.jpg,5,2,9cf71dc2-02f5-41fd-aab5-5f2160c4f1d7,447,2,545,89,door,partial,door.n.01
2-1-0.jpg,5,3,f2409efb-98eb-449c-b45f-7b286b01bc94,228,68,317,138,footstool,partial,footstool.n.01
2-1-0.jpg,5,4,3ec1621e-1bbe-40de-a789-87d4a11a1336,213,0,247,58,t-shirt,severe,t-shirt.n.01
2-1-1.jpg,14,0,e8c65ff4-7168-4cf2-9563-c1e7ac8afe84,517,87,568,156,lamp,none,lamp.n.02
2-1-1.jpg,14,1,28288674-46d1-4a99-a295-e8d9aa7100de,547,190,634,394,door,none,door.n.01
2-1-1.jpg,14,2,83bcf4b5-b30d-4671-a77e-869c4a4df1fe,458,191,543,394,door,none,door.n.01
2-1-1.jpg,14,3,43baac8f-d9f4-4e04-aa0a-241d6f827366,749,2,845,520,door,partial,door.n.01
2-1-1.jpg,14,4,b689e43b-96e5-45f3-bd51-1d34cb6eefd7,252,374,327,439,footstool,partial,footstool.n.01
2-1-1.jpg,14,5,bb346be8-e83f-4a01-b401-357792c29ab2,277,203,325,251,painting,partial,decoration.n.01
2-1-1.jpg,14,6,b214da82-50b8-4b9c-97c5-9d7deec2181b,251,284,278,360,t-shirt,partial,t-shirt.n.01
2-1-1.jpg,14,7,4d9bfbbe-516c-4de5-9265-971dd501da42,387,167,433,329,pin-up_board,none,board.n.05
2-1-1.jpg,14,8,70563b99-7de2-4d02-b519-f65c17f01d8b,812,260,845,277,door_handle,partial,doorhandle.n.01
2-1-1.jpg,14,9,b515df1f-c787-4d0a-8bbb-593963f86285,835,45,870,97,sign,none,sign.n.02
2-1-1.jpg,14,10,fde3ab48-cf50-4a94-99f3-4eb46892454a,549,258,560,299,door_handle,none,doorhandle.n.01
2-1-1.jpg,14,11,f22d7719-c9ba-4ac7-977d-94e5cecfc9fd,526,166,556,182,sign,none,sign.n.02
2-1-1.jpg,14,12,b3673d41-0ece-4d92-a6c7-83ef5c996846,348,156,363,180,sign,none,sign.n.02
2-1-1.jpg,14,13,312d417a-fe4c-48b5-bbf8-2e3d4ca604a2,595,220,612,232,sign,none,sign.n.02
2-1-2.jpg,12,0,952e59d1-e49a-41be-b3bf-ad04ebefd471,488,1,603,84,lamp,partial,lamp.n.02
2-1-2.jpg,12,1,b6fdfe4d-def2-4c87-815f-1d54957188e8,520,346,566,404,lamp,none,lamp.n.02
2-1-2.jpg,12,2,b716bfa6-c94b-40d0-8142-15934f0fd125,730,223,851,519,door,partial,door.n.01
2-1-2.jpg,12,3,457dccaf-90ec-4c6f-8e6a-406863594987,548,443,634,520,door,partial,door.n.01
2-1-2.jpg,12,4,5296c9d8-ada5-471b-b9cd-f98d66c87d9b,456,443,545,522,door,partial,door.n.01
2-1-2.jpg,12,5,b74952ac-d952-4218-ac2b-4231a4722dfc,381,423,431,522,pin-up_board,partial,board.n.05
2-1-2.jpg,12,6,a1f1e635-5b34-469f-a619-16cf09519981,267,457,327,505,painting,partial,decoration.n.01
2-1-2.jpg,12,7,8d650ae7-b6bc-4d18-a077-94a0ec1abcbb,817,307,848,354,sign,none,sign.n.02
2-1-2.jpg,12,8,93cf484f-8377-4e97-8b48-14567fb9351e,2,77,59,170,sign,partial,sign.n.02
2-1-2.jpg,12,9,5ec94f4d-2e86-4f99-93e7-4e14407ebba3,348,410,365,435,sign,none,sign.n.02
2-1-2.jpg,12,10,6a0cb48a-6981-4af2-9ddf-682ae2e2adf3,527,416,556,435,sign,none,sign.n.02
2-1-2.jpg,12,11,883bb87b-d31d-4cfd-8f4f-ba8d1721bece,597,475,614,486,sign,none,sign.n.02
2-2-0.jpg,1,0,c8d714aa-d10d-4f73-9425-d1b7a4ebc0d8,280,0,747,377,door,partial,door.n.01
2-2-1.jpg,2,0,d03e2966-8fb7-42dc-888a-7984d21dce54,329,0,762,520,door,partial,door.n.01
2-2-1.jpg,2,1,867856d5-64bb-47f9-b5f8-e13d92f312b0,667,233,747,316,door_handle,none,doorhandle.n.01
2-2-2.jpg,3,0,1d625b72-72b6-4458-839b-b20e4f0d9373,335,97,715,522,door,partial,door.n.01
2-2-2.jpg,3,1,c2026803-15fe-4956-8996-0cfd7822dcc7,716,237,784,278,sign,none,sign.n.02
2-2-2.jpg,3,2,90fb73d8-d743-4002-8031-b57cc43db391,635,487,708,522,door_handle,partial,doorhandle.n.01
2-3-0.jpg,2,0,813fbb6d-a257-464e-85aa-9c6d68471511,379,0,409,112,door,partial,door.n.01
2-3-0.jpg,2,1,653d99c0-0657-45b1-ba66-2868f35e2d73,653,0,677,109,door,partial,door.n.01
2-3-1.jpg,11,0,117b1077-194d-4904-ad0a-c41a81a2a63e,483,0,550,98,lamp,partial,lamp.n.02
2-3-1.jpg,11,1,bbb1d3ee-04aa-4496-ad10-778dc9b54990,522,162,550,191,lamp,none,lamp.n.02
2-3-1.jpg,11,2,a48f1689-df9d-4ced-a310-68629ff6aac0,520,255,574,290,window,none,window.n.01
2-3-1.jpg,11,3,0675be86-d986-4a0b-bfa1-a4fd98fa05ba,433,181,452,283,pin-up_board,none,board.n.05
2-3-1.jpg,11,4,c0c97b7e-16c9-450c-99ca-fbd58d737ada,397,125,421,412,door,none,door.n.01
2-3-1.jpg,11,5,5b42571c-8a25-44ac-aafa-fbc2e41eb99f,649,127,662,406,door,none,door.n.01
2-3-1.jpg,11,6,1167c5c4-8ba8-40f5-8de1-81834b5ea155,677,41,730,276,pin-up_board,none,board.n.05
2-3-1.jpg,11,7,9129f35f-5969-4c07-9477-1c105131f21c,593,200,610,217,sign,none,sign.n.02
2-3-1.jpg,11,8,20e02cff-4bdd-4076-bb85-a66958b0ddd9,414,272,425,299,door_handle,none,doorhandle.n.01
2-3-1.jpg,11,9,9aa92b81-b2a5-4b66-8659-e69e2a90e939,532,208,551,224,lamp,none,lamp.n.02
2-3-1.jpg,11,10,9f79858b-c82b-47cc-8d46-662fee12efac,478,128,584,151,sign,none,sign.n.02
2-3-2.jpg,10,0,63990eb6-b361-4eaf-ae52-586bd39c4087,486,255,549,353,lamp,none,lamp.n.02
2-3-2.jpg,10,1,1e52bf08-b548-47ff-b1d1-771406a1b3b2,673,306,743,520,pin-up_board,none,board.n.05
2-3-2.jpg,10,2,3793a3d9-db23-4f52-913f-a6d9efb5be8e,523,415,554,445,lamp,none,lamp.n.02
2-3-2.jpg,10,3,ec42be01-c5b5-4930-adb0-079608f4bc3d,392,380,426,522,door,partial,door.n.01
2-3-2.jpg,10,4,9f516b2c-a366-4629-90a2-e670a4741c86,512,503,579,522,window,severe,window.n.01
2-3-2.jpg,10,5,116bd418-6d32-4499-99c4-d1f03f60a37d,479,382,585,406,sign,none,sign.n.02
2-3-2.jpg,10,6,37bc99d1-bfc5-41f5-8fb5-71a925910b2e,596,454,614,471,sign,none,sign.n.02
2-3-2.jpg,10,7,77b91eb3-522c-4bcf-9847-5af76a84612f,532,462,554,483,lamp,none,lamp.n.02
2-3-2.jpg,10,8,36cce536-0039-47d0-a71c-2b81a0f8fcd5,649,380,674,523,door,partial,door.n.01
2-3-2.jpg,10,9,9141b032-c4a9-4197-a67a-07909bac2b57,431,433,455,521,pin-up_board,partial,board.n.05
3-0-0.jpg,13,0,fbe6d6d8-8bfc-4cd2-a51a-25878efb46ef,289,0,420,181,closet,partial,closet.n.01
3-0-0.jpg,13,1,36511c28-ba6e-4dbe-ab5e-c5fe6c6b9651,416,96,432,121,ball,partial,ball.n.01
3-0-0.jpg,13,2,5cc3df23-a9b2-4259-9bdc-13f52b188dbe,286,201,334,243,shoes,partial,shoe.n.01
3-0-0.jpg,13,3,ddf40229-3e45-4f42-b935-1b8b96a37fc0,529,0,614,123,chair,partial,chair.n.01
3-0-0.jpg,13,4,09e3fc0d-37cf-4bb4-81cd-090f22962c88,491,11,660,111,desk,partial,desk.n.01
3-0-0.jpg,13,5,a61c3223-b896-40a5-b650-b48635c8e5d9,588,70,768,168,table,partial,table.n.02
3-0-0.jpg,13,6,49c42e82-ee3e-43f6-a6e6-808066704242,668,40,699,86,vase,none,vase.n.01
3-0-0.jpg,13,7,f76fa499-3afc-4216-8b6e-b26695735472,607,73,652,100,headphones,none,headphones.n.01
3-0-0.jpg,13,8,d54ea79a-08fc-4e6c-9888-2524fd1c435b,735,77,752,94,rubiks_cube,none,toy.n.01
3-0-0.jpg,13,9,2493d91e-a6f4-427a-8b13-d8e867a7600b,637,77,685,94,book,partial,book.n.02
3-0-0.jpg,13,10,6b780216-bb2e-4dad-b653-9cd104658e58,718,67,739,83,cup,none,cup.n.01
3-0-0.jpg,13,11,4a3df888-a480-45de-b22f-a929f6f8919b,690,56,719,81,teapot,none,teapot.n.01
3-0-0.jpg,13,12,da8eed59-507e-4459-aa54-9763debd07b3,506,4,519,22,apple,none,apple.n.01
3-0-1.jpg,22,0,ac98114e-6aa3-42df-9084-4ed971bf97c5,454,87,602,111,lamp,none,lamp.n.02
3-0-1.jpg,22,1,bff19914-d440-4efe-a294-d889f37087c0,317,111,427,451,closet,none,closet.n.01
3-0-1.jpg,22,2,0469d599-d63b-43c6-a54f-432e9704a744,554,162,619,282,window,partial,window.n.01
3-0-1.jpg,22,3,d0dd3a91-1d1d-419f-831b-37f769600fb4,441,162,510,285,window,none,window.n.01
3-0-1.jpg,22,4,45091770-77bc-4c0e-801f-3a8f57556de7,704,89,743,113,lamp,partial,lamp.n.02
3-0-1.jpg,22,5,ebe9e5ea-4a31-4811-a83d-42920913e7d6,587,342,745,438,table,partial,table.n.02
3-0-1.jpg,22,6,a6cf8ec2-5328-46a8-b7f9-b71a7d466487,499,296,648,382,desk,partial,desk.n.01
3-0-1.jpg,22,7,de085b8a-40c8-41d0-9d5d-155d2b726637,535,271,611,390,chair,partial,chair.n.01
3-0-1.jpg,22,8,f7238c73-d42b-41a1-b8e1-21f9b865edbf,660,319,689,361,vase,none,vase.n.01
3-0-1.jpg,22,9,df4d2b71-20cd-45c4-a9e3-bdfdc8e19440,607,348,651,375,headphones,none,headphones.n.01
3-0-1.jpg,22,10,413a6313-1d37-425e-9048-a80b664230bc,385,74,404,119,wine_bottle,partial,wine-bottle.n.01
3-0-1.jpg,22,11,526e95d5-1e31-46a1-a8fc-cbe375dff0ac,425,364,437,392,ball,partial,ball.n.01
3-0-1.jpg,22,12,3254807a-9779-4bab-9b88-91f9f1fa3b8c,391,197,414,232,robot,severe,robot.n.01
3-0-1.jpg,22,13,fc95db3b-448f-4312-908b-00343af5ebd6,607,260,622,302,wine_bottle,none,wine-bottle.n.01
3-0-1.jpg,22,14,28a0c82f-e6be-4b10-b88e-174826532d82,607,265,620,299,wine_bottle,none,wine-bottle.n.01
3-0-1.jpg,22,15,0e29170c-7f33-465f-805a-76697f0171a2,617,272,635,300,wine_glass,none,wineglass.n.01
3-0-1.jpg,22,16,44e25834-7456-4697-b02a-3244daed197e,510,287,522,304,apple,none,apple.n.01
3-0-1.jpg,22,17,20689028-72e5-4480-b4c5-ce8cb30d5ad7,726,351,739,367,rubiks_cube,none,toy.n.01
3-0-1.jpg,22,18,30f7796c-6837-457e-bab2-34a276be83d5,680,330,709,353,teapot,none,teapot.n.01
3-0-1.jpg,22,19,db767fb2-6d95-4680-858a-cec4a7884b80,703,336,728,358,cup,none,cup.n.01
3-0-1.jpg,22,20,c34ca7b0-5870-41e5-ae28-d445fedfde50,297,464,334,510,shoes,partial,shoe.n.01
3-0-1.jpg,22,21,6f36836f-807c-483b-b673-f89fed16e868,629,348,680,369,book,partial,book.n.02
3-0-2.jpg,11,0,8256196e-68d2-40e5-a900-938188c32a8a,412,227,643,257,lamp,none,lamp.n.02
3-0-2.jpg,11,1,f52f5a4c-9b96-49c9-bc0c-f32eab9c605b,461,358,600,374,lamp,none,lamp.n.02
3-0-2.jpg,11,2,5353d7ef-3b1a-4eea-bd22-6836e240d8cf,700,357,728,376,lamp,partial,lamp.n.02
3-0-2.jpg,11,3,2329e766-dd96-4775-ba6e-f43898446926,560,432,619,520,window,partial,window.n.01
3-0-2.jpg,11,4,9a53aa1a-97c3-405b-8e24-a4691e4da4a2,442,429,507,520,window,partial,window.n.01
3-0-2.jpg,11,5,7b3203c2-3d17-45f3-a7fd-a00cee412fe7,310,377,432,520,closet,partial,closet.n.01
3-0-2.jpg,11,6,441cb89d-d9fd-4daa-8cd7-cfcc50b28577,745,166,827,213,sign,none,sign.n.02
3-0-2.jpg,11,7,f20c946e-4b84-4969-bff4-d38057b0d4e1,385,464,409,495,robot,severe,robot.n.01
3-0-2.jpg,11,8,6482964d-577f-47ca-a2ce-17a5606e9ab6,391,341,412,389,wine_bottle,partial,wine-bottle.n.01
3-0-2.jpg,11,9,b6f79472-ef86-4ffa-a322-61c4f1271ba9,1033,131,1080,279,pin-up_board,severe,board.n.05
3-0-2.jpg,11,10,6d112c97-6020-443e-a5d0-72f413f8a282,262,83,362,520,door,severe,door.n.01
3-1-0.jpg,3,0,6cb3927e-0ef3-4b48-bb0b-444aefee3b32,540,1,682,157,door,partial,door.n.01
3-1-0.jpg,3,1,98b3bd95-face-4d70-bac4-9f599ae81895,383,2,535,159,door,partial,door.n.01
3-1-0.jpg,3,2,2731e356-cd81-4e32-9909-d8d5b62e4dfb,46,0,285,58,pin-up_board,severe,board.n.05
3-1-1.jpg,7,0,9a21ec87-78ad-4005-8fff-918353b05f1e,104,1,316,348,pin-up_board,partial,board.n.05
3-1-1.jpg,7,1,c0777cd6-95f7-4f7a-bdae-cb4ab57c3ce2,393,109,536,457,door,none,door.n.01
3-1-1.jpg,7,2,b5570214-1e2c-4d66-8c6e-0a4192ddb03c,535,110,685,457,door,none,door.n.01
3-1-1.jpg,7,3,0888375b-9bfc-4b68-836e-6cfff9d3fcf0,541,221,562,289,door_handle,none,doorhandle.n.01
3-1-1.jpg,7,4,f8b36782-381f-4adf-993e-98587190503a,506,56,554,86,sign,none,sign.n.02
3-1-1.jpg,7,5,ffc43cc1-124c-4406-bcfd-320f0fe4b508,612,187,635,205,sign,none,sign.n.02
3-1-1.jpg,7,6,9d05af01-2f4f-40d1-85cc-f7155d478e79,711,155,726,208,sign,none,sign.n.02
3-1-2.jpg,8,0,58d9beec-1bcc-448f-a9cd-fa2158d491df,457,42,565,254,lamp,none,lamp.n.02
3-1-2.jpg,8,1,c6526e28-aeb0-45f5-a762-45cc7ec42a58,92,213,327,520,pin-up_board,partial,board.n.05
3-1-2.jpg,8,2,01f7a86e-46d3-4d6b-96c9-07ff90273ce9,540,354,668,522,door,partial,door.n.01
3-1-2.jpg,8,3,c76237a0-11a9-40a5-9d7f-a8513ba14951,402,356,536,522,door,partial,door.n.01
3-1-2.jpg,8,4,c4cae28a-1600-4f7c-8fb2-1394ddf5f84c,506,306,556,331,sign,none,sign.n.02
3-1-2.jpg,8,5,9c7663ca-bee8-4b47-a1cd-43972a3d1e83,614,426,636,444,sign,none,sign.n.02
3-1-2.jpg,8,6,f1941bcb-dbde-4fbc-a395-3df20b5f3eb6,708,392,727,448,sign,none,sign.n.02
3-1-2.jpg,8,7,dec778dd-003f-4210-a387-08aa14911e3f,543,462,564,522,door_handle,partial,doorhandle.n.01
3-2-0.jpg,1,0,85b081ac-50f9-4588-8b34-d1ea3da3eb80,310,2,728,352,door,partial,door.n.01
3-2-1.jpg,2,0,46b94b9f-b60b-48e1-94e5-20a142fb75cc,343,1,706,520,door,partial,door.n.01
3-2-1.jpg,2,1,7a69a095-9b37-4be1-9e76-01816dc439ad,629,232,699,302,door_handle,none,doorhandle.n.01
3-2-2.jpg,3,0,d5d037b1-18ea-4815-9972-8a59c40295a0,334,111,711,521,door,partial,door.n.01
3-2-2.jpg,3,1,6e35791f-f244-47fe-b31a-253137374867,633,491,701,520,door_handle,partial,doorhandle.n.01
3-2-2.jpg,3,2,0474f28f-9189-431b-83cb-a90c470856dd,712,244,781,289,sign,none,sign.n.02
3-3-0.jpg,2,0,59f6464f-c901-49dc-83a3-8566f8ebca5c,721,0,823,207,door,partial,door.n.01
3-3-0.jpg,2,1,50d718d3-4e0c-477d-9182-e399108a4340,169,0,300,271,door,partial,door.n.01
3-3-1.jpg,12,0,9333a33b-4c81-4cf9-9f70-b38690ba9c3e,725,69,792,492,door,partial,door.n.01
3-3-1.jpg,12,1,a5a55e31-15e0-4853-827a-20ac716da3a6,210,2,305,520,door,partial,door.n.01
3-3-1.jpg,12,2,43945d1b-de7a-4962-993e-254dca83e7e6,495,143,531,182,lamp,none,lamp.n.02
3-3-1.jpg,12,3,c37e0d8f-0f18-458a-b8c6-c54c025fac51,607,171,628,289,pin-up_board,none,board.n.05
3-3-1.jpg,12,4,0484f016-f95d-454d-88e2-79ccc7df88ce,498,267,548,301,window,none,window.n.01
3-3-1.jpg,12,5,396bda74-89ce-4304-bd74-ad799973590e,507,209,528,227,lamp,none,lamp.n.02
3-3-1.jpg,12,6,3d736433-3796-43e6-903c-54ad4a8caf8d,284,269,305,309,door_handle,none,doorhandle.n.01
3-3-1.jpg,12,7,6ed47f7c-d402-4800-b888-b1670885ba24,315,152,332,182,sign,none,sign.n.02
3-3-1.jpg,12,8,6e39133b-46dc-4fe4-9048-218bc914cff6,560,229,573,243,sign,none,sign.n.02
3-3-1.jpg,12,9,34c39b57-9cbe-4689-b483-fe7bffccef2b,482,190,553,208,sign,none,sign.n.02
3-3-1.jpg,12,10,02cc24a7-7b8b-4e24-91db-211255e92efa,512,236,529,248,lamp,none,lamp.n.02
3-3-1.jpg,12,11,c2d549cc-519c-42a4-bfc0-fc44e71c933c,792,44,823,97,sign,none,sign.n.02
3-3-2.jpg,8,0,11ba89fb-4927-4531-8aac-c1109e860112,448,83,548,277,lamp,none,lamp.n.02
3-3-2.jpg,8,1,17231318-ea20-4010-b227-c053412f2f90,719,330,801,521,door,partial,door.n.01
3-3-2.jpg,8,2,508aedb2-22e6-4428-be17-19d937fa6ebe,200,225,326,521,door,partial,door.n.01
3-3-2.jpg,8,3,8eb1608e-e382-484b-b353-a2b9b90a17b3,497,394,534,436,lamp,none,lamp.n.02
3-3-2.jpg,8,4,840ae1c3-9739-4e51-81f8-27f42a7fed50,776,312,802,356,sign,none,sign.n.02
3-3-2.jpg,8,5,66ad8500-3214-47a8-815d-6946d5ddb4b4,315,408,336,431,sign,none,sign.n.02
3-3-2.jpg,8,6,70a254fe-7ceb-492b-9e9b-59629a620c79,562,485,575,499,sign,none,sign.n.02
3-3-2.jpg,8,7,1da303b8-3d28-45dd-a5ec-d80dd87e3d1e,484,446,554,465,sign,none,sign.n.02
4-0-0.jpg,19,0,bf979b73-c7e3-4f0d-adf6-d999b018ab35,0,22,41,99,vase,severe,vase.n.01
4-0-0.jpg,19,1,3426f7e9-936d-42dc-9070-1abc5c1abe6c,456,15,478,32,rubiks_cube,none,toy.n.01
4-0-0.jpg,19,2,cc4ae8be-f3fe-4f9c-8aac-8244f5c8ace9,421,12,438,34,apple,none,apple.n.01
4-0-0.jpg,19,3,9c6f1874-539d-49af-90b8-c863f43ce9f3,603,0,622,28,wine_bottle,partial,wine-bottle.n.01
4-0-0.jpg,19,4,d3ed341f-4070-45c7-b45c-3f75f5a4da41,625,1,646,29,wine_glass,partial,wineglass.n.01
4-0-0.jpg,19,5,67127473-6969-4f36-b54b-47d0a61a57ce,787,133,845,177,teapot,partial,teapot.n.01
4-0-0.jpg,19,6,2ff2c264-6b28-4f11-9c21-b474a0020bd2,844,155,895,186,cup,none,cup.n.01
4-0-0.jpg,19,7,42100fe8-782c-486f-be30-7fcce0b1653f,944,220,989,259,rubiks_cube,none,toy.n.01
4-0-0.jpg,19,8,bda2360d-9d03-4c3c-b1d5-ac22f61f03a0,621,213,738,273,headphones,none,headphones.n.01
4-0-0.jpg,19,9,7ac1061f-b28d-41fc-9845-17fb271376eb,638,198,810,271,book,partial,book.n.02
4-0-0.jpg,19,10,a7d8590b-51c0-4aac-b98c-58ec30c39ca9,757,114,827,212,vase,none,vase.n.01
4-0-0.jpg,19,11,acfeec47-dd37-4fa0-8cc6-bca6b7ed2d33,815,2,890,150,robot,partial,robot.n.01
4-0-0.jpg,19,12,c1c6214b-a6be-48fd-a5d1-af26a38429d8,937,58,1080,252,couch,partial,couch.n.01
4-0-0.jpg,19,13,327a62e4-90bd-49fe-87cc-3358d2f315c4,562,155,1080,421,table,partial,table.n.02
4-0-0.jpg,19,14,fa5976e4-d73e-40fc-ba49-0e4f2a5b8310,234,177,278,219,ball,none,ball.n.01
4-0-0.jpg,19,15,bcc695f2-9257-495b-9e2d-5c69d9f33ba8,176,244,210,297,shoes,severe,shoe.n.01
4-0-0.jpg,19,16,dd5585c3-4c1b-4d8b-85ba-26047f152634,0,2,206,518,closet,partial,closet.n.01
4-0-0.jpg,19,17,d51105ae-9e19-46a5-9c1c-c886300b1bf4,398,19,685,188,desk,partial,desk.n.01
4-0-0.jpg,19,18,1826ac11-5d6a-48f6-9a5e-3fb6e67824ea,471,0,610,206,chair,partial,chair.n.01
4-0-1.jpg,23,0,09e2dead-b4be-4e46-959c-760eff9ab0c9,764,0,1003,23,lamp,partial,lamp.n.02
4-0-1.jpg,23,1,31bb3809-2aa0-4d7a-aa87-43175ce459f9,343,0,585,11,lamp,severe,lamp.n.02
4-0-1.jpg,23,2,8b24f53e-6698-4010-b76f-28b93746d6ca,0,106,129,195,robot,partial,robot.n.01
4-0-1.jpg,23,3,68a01978-a42a-4383-9073-2db019e6b109,0,34,15,68,trophy,severe,trophy.n.02
4-0-1.jpg,23,4,f9e6d430-5e35-48fa-9c99-d799e42e88fa,29,275,86,378,vase,none,vase.n.01
4-0-1.jpg,23,5,620363f8-9251-4508-aea7-95ab845514b9,1,0,190,520,closet,partial,closet.n.01
4-0-1.jpg,23,6,5785469e-337b-42a5-9d8c-f345cdde426d,237,464,281,509,ball,none,ball.n.01
4-0-1.jpg,23,7,779d0161-90a7-4c2e-877a-b3a282f41e72,348,126,435,293,window,none,window.n.01
4-0-1.jpg,23,8,31c70b4c-7168-4c89-9170-cb00ccebdf9f,617,290,635,331,wine_glass,none,wineglass.n.01
4-0-1.jpg,23,9,09ff15cc-8657-494c-a8a9-23f6eb10590d,599,275,617,329,wine_bottle,none,wine-bottle.n.01
4-0-1.jpg,23,10,c1d79f0d-bfa9-45bd-8f47-2580657219d0,471,317,483,332,rubiks_cube,none,toy.n.01
4-0-1.jpg,23,11,1ef947fc-e254-4438-a273-dddec8aa9ede,435,316,452,335,apple,none,apple.n.01
4-0-1.jpg,23,12,dd4bf9d7-5e8e-4ca9-82d1-232850cf8a94,523,131,603,292,window,none,window.n.01
4-0-1.jpg,23,13,beeb9b14-6602-472d-b9e8-477e5ac982b8,835,443,888,477,cup,none,cup.n.01
4-0-1.jpg,23,14,ab4c5697-d6ec-4ccb-b49c-d1b2e1c8d88b,780,422,839,470,teapot,partial,teapot.n.01
4-0-1.jpg,23,15,9554f551-19b0-4862-bc85-d0f4c926e96f,947,503,987,520,rubiks_cube,severe,toy.n.01
4-0-1.jpg,23,16,ee421161-48c8-488f-9811-45270060dd62,929,319,1080,509,couch,partial,couch.n.01
4-0-1.jpg,23,17,05e2d726-db5c-4fdb-bcde-b6e9d1615c7c,634,492,807,520,book,partial,book.n.02
4-0-1.jpg,23,18,91514f80-2a2e-4123-bc90-f9db99ab3adc,755,405,820,503,vase,none,vase.n.01
4-0-1.jpg,23,19,7b2ca2c0-7e17-46f9-b419-84da0c438d54,793,291,868,445,robot,partial,robot.n.01
4-0-1.jpg,23,20,c87159a8-7e05-4dc5-925d-d8aa2c2cb595,565,450,1023,523,table,partial,table.n.02
4-0-1.jpg,23,21,e521dd84-dcc1-4973-8f6d-0f2152dbc355,411,324,677,478,desk,partial,desk.n.01
4-0-1.jpg,23,22,0c80e807-afe9-4cea-aaca-cc0d79204a5b,467,281,607,496,chair,partial,chair.n.01
4-0-2.jpg,10,0,ef974963-22bb-48cd-86d0-5b4f711ca2b8,740,248,963,289,lamp,none,lamp.n.02
4-0-2.jpg,10,1,f7eba01d-3104-4821-ae2e-15c9bee4aef9,354,238,585,279,lamp,none,lamp.n.02
4-0-2.jpg,10,2,a086413c-386a-41b0-9beb-dfde77c66adc,1051,331,1080,454,painting,severe,decoration.n.01
4-0-2.jpg,10,3,6b7ed8ba-e1d2-4a19-bb0d-7b7d7f170583,127,99,172,174,wine_bottle,partial,wine-bottle.n.01
4-0-2.jpg,10,4,2ba1bb36-e3e1-47ec-aa68-5963999a3d0b,520,382,602,521,window,partial,window.n.01
4-0-2.jpg,10,5,723a4022-0b45-4c4d-a352-cdd3bf8534d4,342,385,438,522,window,partial,window.n.01
4-0-2.jpg,10,6,fd18bc40-b71d-4067-856c-cfa215929bf8,27,231,58,256,rubiks_cube,partial,toy.n.01
4-0-2.jpg,10,7,ad0a09d9-adc3-4a69-9c6f-4df15e208ff5,0,283,53,370,trophy,partial,trophy.n.02
4-0-2.jpg,10,8,2c3eaa22-08c5-482a-be38-1078a6b1d238,6,331,150,447,robot,none,robot.n.01
4-0-2.jpg,10,9,2aa3df19-9977-49a2-9e49-b0dd39e705c8,2,93,232,520,closet,partial,closet.n.01
4-1-0.jpg,9,0,9b68df5c-f261-47f0-b152-4e915b80a86f,936,301,975,346,apple,none,apple.n.01
4-1-0.jpg,9,1,5bac0d38-ddfb-419a-9e3c-dfc5ea702776,812,142,1080,516,chair,partial,chair.n.01
4-1-0.jpg,9,2,4256cee3-c565-4e70-9667-08df2df8cb0d,570,0,773,196,chair,partial,chair.n.01
4-1-0.jpg,9,3,aa0239cd-b72c-4fbb-a149-32d3e8a92f45,474,137,704,305,footstool,none,footstool.n.01
4-1-0.jpg,9,4,fd3f8dfa-de53-46ca-ae6a-139ef879b1e8,332,0,440,114,t-shirt,partial,t-shirt.n.01
4-1-0.jpg,9,5,ac9b418f-923f-4f17-84ef-7dd70173fb8f,192,128,271,156,bag,none,bag.n.04
4-1-0.jpg,9,6,95f87c8a-4b3a-4002-bbd4-df655ccc7d0a,23,60,57,102,teddy_bear,none,teddy.n.01
4-1-0.jpg,9,7,b2f3ca3c-dc08-498c-a9fe-4b673d69382a,0,248,114,507,table,partial,table.n.02
4-1-0.jpg,9,8,ec1d8860-d214-4cc2-ae75-482aba929d6e,2,33,327,242,couch,partial,couch.n.01
4-1-1.jpg,9,0,9b2b9657-eb4a-4f4d-a874-728cae55e6ed,985,428,1079,520,chair,severe,chair.n.01
4-1-1.jpg,9,1,bdbe4474-476e-433b-9a1e-a634d6f358b3,569,284,755,521,chair,partial,chair.n.01
4-1-1.jpg,9,2,c98ef173-5db2-45a4-a2fe-0cf3037869b2,476,431,701,523,footstool,partial,footstool.n.01
4-1-1.jpg,9,3,4222b237-55f9-4b44-99dc-f199512a509c,442,109,551,194,painting,none,decoration.n.01
4-1-1.jpg,9,4,d7a0f1bd-dbd8-40f3-b6e4-45f39dc3c372,36,112,168,232,painting,none,decoration.n.01
4-1-1.jpg,9,5,9a7e21f7-4a87-447b-bc30-bad153b6e4a4,353,261,456,406,t-shirt,none,t-shirt.n.01
4-1-1.jpg,9,6,52cea2a7-cc1e-4ae8-89db-1ed5a4731077,206,411,283,446,bag,none,bag.n.04
4-1-1.jpg,9,7,10ae9245-097c-45e8-a410-171d7dbb0af1,48,337,82,377,teddy_bear,none,teddy.n.01
4-1-1.jpg,9,8,27985e8b-1518-464f-908c-d7036a675c3e,0,331,333,515,couch,partial,couch.n.01
4-1-2.jpg,4,0,0ad3501f-b364-449e-b64e-520060e35db9,440,371,554,457,painting,none,decoration.n.01
4-1-2.jpg,4,1,f30def1b-d0a7-403b-9cdd-e32fff1f1173,28,364,174,474,painting,none,decoration.n.01
4-1-2.jpg,4,2,9fc88119-4ee6-4bb8-9583-a8e5f57e9255,1,203,48,257,lamp,severe,lamp.n.02
4-1-2.jpg,4,3,42f629a9-bb65-41e5-9b9b-2cd5693a3f36,361,59,455,255,lamp,none,lamp.n.02
4-2-0.jpg,4,0,b562b75b-b01d-452e-bfe8-479ba826b1fa,496,1,658,164,door,partial,door.n.01
4-2-0.jpg,4,1,880c5604-074b-410b-aa92-10f2c64a0850,794,1,1079,522,door,partial,door.n.01
4-2-0.jpg,4,2,d9b6fdb1-cea5-49d0-a1fb-92163ff9e002,9,328,53,372,apple,none,apple.n.01
4-2-0.jpg,4,3,a1b38b33-1a22-42c3-9996-f747510fb4f1,0,150,201,518,chair,partial,chair.n.01
4-2-1.jpg,5,0,dec76560-2aa4-4200-aed9-ba7833b0addb,670,154,704,177,sign,none,sign.n.02
4-2-1.jpg,5,1,07d13a6c-0dce-4e3a-bea4-3bf1a7747b95,1,433,155,521,chair,severe,chair.n.01
4-2-1.jpg,5,2,a4faa61f-4788-47af-8127-db1854d60cee,504,63,659,460,door,none,door.n.01
4-2-1.jpg,5,3,0e91bf7b-76c8-44a7-b5d3-68d606f49bfa,625,264,658,300,door_handle,none,doorhandle.n.01
4-2-1.jpg,5,4,d591d2af-89c1-4715-9c86-74920847c887,821,1,1079,519,door,partial,door.n.01
4-2-2.jpg,3,0,2a499bdc-3f23-4520-bfa5-c2cab6fd587d,667,408,701,436,sign,none,sign.n.02
4-2-2.jpg,3,1,d86e3622-bdf0-48ad-b6b7-30b37c012c5a,503,327,666,521,door,partial,door.n.01
4-2-2.jpg,3,2,71c8fc58-65cf-44b7-a4e0-858d59434f2e,752,4,1080,522,door,partial,door.n.01
4-3-0.jpg,4,0,b598d6d7-e9a7-484f-8f85-c900b06a3e90,1015,1,1079,101,robot,partial,robot.n.01
4-3-0.jpg,4,1,359a4679-4778-497d-b4d5-7e36aeff778b,501,351,595,431,shoes,none,shoe.n.01
4-3-0.jpg,4,2,d3a07acd-d150-434c-8a3e-aa038c376b8d,2,2,343,520,door,partial,door.n.01
4-3-0.jpg,4,3,fdf938cb-7fd5-4862-9dc9-e61b966f7dcc,820,2,1080,460,closet,partial,closet.n.01
4-3-1.jpg,7,0,891cefa0-5fbb-4ac2-a85f-2201d9520f4d,229,0,354,143,bag,partial,bag.n.04
4-3-1.jpg,7,1,187c98cf-c26a-485f-99d1-04692218ca35,1039,75,1079,171,robot,severe,robot.n.01
4-3-1.jpg,7,2,3b2e0397-8eaa-41c5-b99e-36667585b2d1,972,25,1045,169,trophy,none,trophy.n.02
4-3-1.jpg,7,3,1dc6a279-68e4-4d68-8a4d-f868cd923370,982,232,1033,395,robot,partial,robot.n.01
4-3-1.jpg,7,4,5f15b78a-4f9b-4975-9cdd-3dd423adea98,848,1,1078,520,closet,partial,closet.n.01
4-3-1.jpg,7,5,e7eb5283-f910-4f9e-886d-260e6db5f89c,0,2,314,520,door,partial,door.n.01
4-3-1.jpg,7,6,78f220ef-4d09-47b0-b3e5-bcfcd290c126,222,229,305,311,door_handle,none,doorhandle.n.01
4-3-2.jpg,9,0,7ce5433e-be56-4d45-b7db-49594967e8ab,948,51,1001,126,wine_bottle,partial,wine-bottle.n.01
4-3-2.jpg,9,1,5a34c9ac-c9ca-4a9c-89a7-2cc5391c3551,938,237,971,255,rubiks_cube,partial,toy.n.01
4-3-2.jpg,9,2,cf529076-5b01-443d-bfa6-82b1e5125193,935,281,1029,420,trophy,none,trophy.n.02
4-3-2.jpg,9,3,65ed2902-f28f-4bc5-980d-7ccb63f22338,1011,323,1078,414,robot,partial,robot.n.01
4-3-2.jpg,9,4,5d7611f2-57a8-4922-b6ff-fadf018d1e8b,984,481,1030,518,robot,severe,robot.n.01
4-3-2.jpg,9,5,aa92d05c-97f7-49d1-9f59-25eaf7395a27,803,117,1079,520,closet,partial,closet.n.01
4-3-2.jpg,9,6,25d7e1a0-af0a-4d78-8ba0-62d90bde82f0,251,123,371,406,bag,none,bag.n.04
4-3-2.jpg,9,7,f783dce6-9f51-405b-8b0f-c201e785d170,218,489,305,522,door_handle,partial,doorhandle.n.01
4-3-2.jpg,9,8,b1f491ec-cec6-4756-9272-43d68b6b82f8,1,0,364,520,door,partial,door.n.01
5-0-0.jpg,4,0,32651c04-20d5-4fbb-a0ef-db2601d98c10,537,48,588,99,apple,none,apple.n.01
5-0-0.jpg,4,1,f0c0014d-ed80-4dc0-86e4-7ae7f440e205,612,41,651,75,rubiks_cube,none,toy.n.01
5-0-0.jpg,4,2,7032ef4c-9b0f-45f6-bbb9-3ef4500a2942,659,2,1080,520,chair,partial,chair.n.01
5-0-0.jpg,4,3,00041e37-4a34-49dc-ad6e-82bb51893728,459,59,931,508,desk,partial,desk.n.01
5-0-1.jpg,6,0,a7fffea0-7669-4376-b539-4d495d7a9854,539,359,585,401,apple,none,apple.n.01
5-0-1.jpg,6,1,8efc2038-d702-4354-837c-806fa2e2155c,607,347,646,378,rubiks_cube,none,toy.n.01
5-0-1.jpg,6,2,e88bef97-25ff-4e01-9df0-4e3457e2a262,689,0,860,281,window,partial,window.n.01
5-0-1.jpg,6,3,6387049e-387d-46b1-96bc-b94e66dc1b13,318,1,493,283,window,partial,window.n.01
5-0-1.jpg,6,4,60bb609e-5cd1-4788-819c-563e25a575ea,732,225,1080,521,chair,partial,chair.n.01
5-0-1.jpg,6,5,63a987ae-2bab-489a-b6b4-3efa1b6596d3,469,358,1076,521,desk,partial,desk.n.01
5-0-2.jpg,2,0,9b50df01-9b8f-4daf-8647-0657e2f3ccf9,309,218,503,520,window,partial,window.n.01
5-0-2.jpg,2,1,4be1b1f6-6798-40cc-a0cc-a01003885f25,664,220,868,520,window,partial,window.n.01
5-1-0.jpg,15,0,3c590a78-8fac-4bf2-8f9e-39aff733b5c1,954,172,989,200,rubiks_cube,none,toy.n.01
5-1-0.jpg,15,1,89a3917a-2c2e-455e-a87e-6ff7748b01ff,762,157,803,187,cup,severe,cup.n.01
5-1-0.jpg,15,2,b61336d7-083b-4921-b074-b6b15a52545f,730,149,795,206,teapot,none,teapot.n.01
5-1-0.jpg,15,3,2c28910e-28b4-4686-80a7-59a39479f3cc,719,91,796,131,bag,none,bag.n.04
5-1-0.jpg,15,4,0fb4309d-05f6-48e8-b9a6-d53f18b42920,508,19,544,55,teddy_bear,none,teddy.n.01
5-1-0.jpg,15,5,b2532196-c884-4d0c-a325-b1d1d184a218,789,0,883,87,t-shirt,partial,t-shirt.n.01
5-1-0.jpg,15,6,777a5da3-d77c-4bf9-9449-b8785274835e,976,119,1080,189,footstool,partial,footstool.n.01
5-1-0.jpg,15,7,43f5433e-4b3a-4579-a9dc-7a350364204a,994,2,1079,128,chair,partial,chair.n.01
5-1-0.jpg,15,8,0edb9819-1f3a-4bb7-b27d-a6285130027c,992,229,1079,310,book,partial,book.n.02
5-1-0.jpg,15,9,da1600f5-5314-43fd-a5bb-b81758d1dc53,884,126,976,242,vase,none,vase.n.01
5-1-0.jpg,15,10,b6751dd2-5038-4625-a806-a2cc05105a5a,658,171,1080,481,table,partial,table.n.02
5-1-0.jpg,15,11,39022298-c10b-40b6-8045-fdc7a4c5c797,387,15,797,189,couch,partial,couch.n.01
5-1-0.jpg,15,12,9e43ec3c-146d-4491-9306-d22447c46728,126,0,276,224,robot,partial,robot.n.01
5-1-0.jpg,15,13,3dd86c8d-bbe7-4c85-8861-0c48b0b60b97,96,77,224,365,desk,severe,desk.n.01
5-1-0.jpg,15,14,4d60f3fe-0c8b-4746-a0a1-2bb65cc895dc,0,2,241,520,chair,partial,chair.n.01
5-1-1.jpg,18,0,c0877cf0-30f2-408b-b491-f9cea9b16ec2,141,369,178,520,desk,severe,desk.n.01
5-1-1.jpg,18,1,6c9d4f98-db3f-4a7d-83e5-5d200ff571e6,0,237,155,521,chair,partial,chair.n.01
5-1-1.jpg,18,2,77a2ee63-ffd1-4c4a-9113-f2ac33ad38c8,450,123,581,225,painting,none,decoration.n.01
5-1-1.jpg,18,3,8f4c7faf-b8f2-4e4b-8d49-c9e02ebe21b7,393,1,450,22,lamp,severe,lamp.n.02
5-1-1.jpg,18,4,aa32774e-2905-467d-b8b9-528179a6be58,830,1,886,20,lamp,severe,lamp.n.02
5-1-1.jpg,18,5,1599bc27-75d3-4537-82eb-73925ce35644,824,126,917,200,painting,none,decoration.n.01
5-1-1.jpg,18,6,0d21dead-1ddb-44b4-b00f-4243806f23ff,765,254,853,380,t-shirt,none,t-shirt.n.01
5-1-1.jpg,18,7,31679fc7-ba91-49e9-9476-19464f353078,516,322,547,355,teddy_bear,none,teddy.n.01
5-1-1.jpg,18,8,fb95faf9-12dd-4324-984a-8e996addb42f,157,285,273,510,robot,none,robot.n.01
5-1-1.jpg,18,9,87530d15-6a0f-4b17-9b52-bbf8ecfe657c,762,451,799,482,cup,severe,cup.n.01
5-1-1.jpg,18,10,f2b87465-49b6-4fdc-8993-cbcfe15c8e6c,731,447,791,505,teapot,none,teapot.n.01
5-1-1.jpg,18,11,c33d4689-6812-4631-b61a-8c504837e699,951,455,982,485,rubiks_cube,none,toy.n.01
5-1-1.jpg,18,12,624f92b3-616c-48fe-9e5d-cc5c81da5b2e,980,395,1079,469,footstool,partial,footstool.n.01
5-1-1.jpg,18,13,dd76d68f-3fc4-4d28-bfd3-133b29bf96bf,979,272,1079,392,chair,partial,chair.n.01
5-1-1.jpg,18,14,a9b65c94-719d-4ab1-8f20-c03cec2ff1dc,886,420,955,520,vase,none,vase.n.01
5-1-1.jpg,18,15,02f3f769-6885-4a9c-9ee7-30a9ac8f76b0,663,457,1079,520,table,partial,table.n.02
5-1-1.jpg,18,16,cc01b4ab-4ca8-4fbd-b350-2f32f315ea5d,712,385,786,412,bag,none,bag.n.04
5-1-1.jpg,18,17,b6d8da8e-37be-4a04-8988-e5a17539ad7f,393,317,785,481,couch,partial,couch.n.01
5-1-2.jpg,6,0,89025a4e-0192-451f-b234-9efd2e87739c,350,138,464,283,lamp,none,lamp.n.02
5-1-2.jpg,6,1,97285149-e758-46b4-95b0-1c7a3da9da7f,807,138,964,283,lamp,none,lamp.n.02
5-1-2.jpg,6,2,c13fd3db-bf2b-41d1-84f6-da83bc7638a1,817,375,919,452,painting,none,decoration.n.01
5-1-2.jpg,6,3,82ebe478-4036-4e30-8662-3b3c9f4fba19,448,382,583,485,painting,none,decoration.n.01
5-1-2.jpg,6,4,ce791672-61f5-4c1e-b782-b26dcbbfeee8,0,490,148,523,chair,severe,chair.n.01
5-1-2.jpg,6,5,b6624d2c-dc15-44f0-a3a4-6746bcdcad3a,788,503,862,522,t-shirt,severe,t-shirt.n.01
5-2-0.jpg,13,0,3a1b7361-a35d-45a2-a7cc-55f4da6aa460,959,438,1079,520,bag,severe,bag.n.04
5-2-0.jpg,13,1,32cc3bc6-8dd9-4547-af49-c3257de2b405,772,1,883,88,robot,partial,robot.n.01
5-2-0.jpg,13,2,42f236cc-3aae-45e1-a0e5-184b952b76bd,677,213,711,254,shoes,partial,shoe.n.01
5-2-0.jpg,13,3,6738caab-250a-4e39-9f07-ba90bc9065a4,458,1,562,104,door,partial,door.n.01
5-2-0.jpg,13,4,b2c21195-6464-412c-8f7c-66074f60b213,261,114,276,132,apple,none,apple.n.01
5-2-0.jpg,13,5,1e7f327c-83bb-4ec7-8923-54560b203791,233,51,322,194,chair,none,chair.n.01
5-2-0.jpg,13,6,b42286cb-2000-49ad-9dd9-b4d862891610,85,203,196,254,headphones,none,headphones.n.01
5-2-0.jpg,13,7,fcfd2474-1dd2-45e1-9d48-3e8466669adb,3,229,122,306,book,partial,book.n.02
5-2-0.jpg,13,8,2c91fce2-7be3-4736-9bab-d002a935eb56,2,131,112,219,footstool,partial,footstool.n.01
5-2-0.jpg,13,9,a3cbae02-9aa9-4e2c-9df0-8001eea7f534,0,45,46,141,chair,severe,chair.n.01
5-2-0.jpg,13,10,0f8b6aaf-e84a-461b-b8e4-f33664e978d1,571,1,735,199,door,partial,door.n.01
5-2-0.jpg,13,11,df182865-f25b-4596-8df9-af01db350a5d,694,1,1079,520,closet,partial,closet.n.01
5-2-0.jpg,13,12,cf6d3caa-ff53-481a-9358-e50f1a76a30a,2,216,254,520,table,partial,table.n.02
5-2-1.jpg,15,0,668c85fd-91ed-4773-828d-543c94ee03ea,271,397,288,415,apple,none,apple.n.01
5-2-1.jpg,15,1,dc515934-77cc-4ea0-adc8-d849783ff912,236,341,334,476,chair,none,chair.n.01
5-2-1.jpg,15,2,19b0c02d-d907-4b02-bcf3-88b31f15122d,1,394,111,488,footstool,partial,footstool.n.01
5-2-1.jpg,15,3,b6d9eb21-4020-4a47-b56f-e412dd5a32e9,0,283,63,409,chair,partial,chair.n.01
5-2-1.jpg,15,4,7baea10a-3c41-4cff-84c0-2d344b3034d1,469,151,562,392,door,none,door.n.01
5-2-1.jpg,15,5,2f305eac-0fed-4365-904a-e92b7de68ccb,543,273,564,295,door_handle,none,doorhandle.n.01
5-2-1.jpg,15,6,5a233b8a-fb5b-4373-b7ad-a510cfe98106,670,258,710,295,door_handle,none,doorhandle.n.01
5-2-1.jpg,15,7,6ba64315-0ce5-43e4-953f-a8916de48211,671,50,716,223,bag,partial,bag.n.04
5-2-1.jpg,15,8,3caa8470-c11e-46bc-a321-2a6bb033246b,762,34,839,169,trophy,none,trophy.n.02
5-2-1.jpg,15,9,5e1dcf3b-dd18-42fe-9b41-97745497c8f6,865,2,913,123,robot,severe,robot.n.01
5-2-1.jpg,15,10,5320e64e-455a-49f7-a094-263b97b03195,748,232,850,380,robot,none,robot.n.01
5-2-1.jpg,15,11,091f1fb0-529e-48ba-8e8c-cee4b50ffa8b,711,0,1079,516,closet,partial,closet.n.01
5-2-1.jpg,15,12,477881d0-b4b4-4070-8b44-25daa3d9e722,88,489,198,519,headphones,partial,headphones.n.01
5-2-1.jpg,15,13,21e111bc-2859-43ab-bd58-6ee4b54f38ea,0,489,252,520,table,partial,table.n.02
5-2-1.jpg,15,14,ee74536d-ec66-47a5-a1a8-1d83e86c5237,571,42,714,476,door,partial,door.n.01
5-2-2.jpg,10,0,6fc009a1-dcb1-46ca-ad8e-c45651df74a2,721,41,744,99,wine_bottle,severe,wine-bottle.n.01
5-2-2.jpg,10,1,e93736e6-9639-4d3f-9e7d-ff467c1c234d,307,104,625,155,lamp,none,lamp.n.02
5-2-2.jpg,10,2,ce867d65-01f9-473f-ab82-ac66907d7c79,2,122,111,172,lamp,partial,lamp.n.02
5-2-2.jpg,10,3,fe65b131-cb11-4cd0-92bc-42fac1f68c55,465,406,561,520,door,partial,door.n.01
5-2-2.jpg,10,4,2da2b3dc-0cf6-4faa-8120-39eec793c631,747,305,809,432,trophy,none,trophy.n.02
5-2-2.jpg,10,5,05302771-0c1e-4855-b7fb-16c42b62377c,796,493,836,522,robot,severe,robot.n.01
5-2-2.jpg,10,6,9704c1f8-8060-4458-bce2-af86c6d3eae0,822,249,874,375,robot,severe,robot.n.01
5-2-2.jpg,10,7,12ee8b0b-07ad-4a30-a5da-ff100add69c5,671,313,718,473,bag,partial,bag.n.04
5-2-2.jpg,10,8,197472a9-d0fd-4208-908c-81e2c188100f,566,310,723,522,door,partial,door.n.01
5-2-2.jpg,10,9,a7a2dbfd-f8f0-4ac5-99ce-7ff093a36625,682,2,1080,520,closet,partial,closet.n.01
5-3-0.jpg,3,0,002d9378-c782-4a1b-bec1-1adef1450c61,685,475,795,522,ball,partial,ball.n.01
5-3-0.jpg,3,1,e13f7776-bbff-47e0-b550-136865d71cb9,106,327,358,521,bag,partial,bag.n.04
5-3-0.jpg,3,2,326416b7-cf2f-4ad1-a0c9-89019cbe780e,4,2,162,520,closet,severe,closet.n.01
5-3-1.jpg,1,0,dec83032-7e9c-494b-89eb-37d583cfc0fd,0,0,138,521,closet,severe,closet.n.01
5-3-2.jpg,1,0,d5ad04ca-4764-4ba4-b008-755868d242a9,1,0,225,520,closet,partial,closet.n.01
6-0-0.jpg,4,0,573952c8-de0a-4780-b14c-f61129156a24,712,0,947,425,robot,partial,robot.n.01
6-0-0.jpg,4,1,4c560f13-2d89-42e6-b67c-6bc4adea6e0c,2,0,77,131,wine_glass,partial,wineglass.n.01
6-0-0.jpg,4,2,f290ef29-cdc0-47f8-8bb5-ab9aa5e0276c,7,44,65,119,wine_bottle,partial,wine-bottle.n.01
6-0-0.jpg,4,3,d3f4fb2f-5c47-4694-8875-d9b27ba2c63a,1,68,336,520,desk,partial,desk.n.01
6-0-1.jpg,5,0,2c7b26b7-69ec-4ac6-a622-9d68d645b423,730,281,905,520,robot,partial,robot.n.01
6-0-1.jpg,5,1,8d1569b1-1c8d-4efb-a9e2-15a1f900a877,115,2,277,287,window,partial,window.n.01
6-0-1.jpg,5,2,bd3588fd-7017-47da-9af5-04493542e20d,57,291,119,411,wine_glass,none,wineglass.n.01
6-0-1.jpg,5,3,74db2c53-bc60-46b5-a952-0ce80a8a0f5d,57,241,103,402,wine_bottle,partial,wine-bottle.n.01
6-0-1.jpg,5,4,47d2615f-2677-44e5-98b5-a0c78f0fcede,1,363,312,523,desk,partial,desk.n.01
6-0-2.jpg,2,0,8826b3fb-cacf-49b2-97a3-74e0acb392e9,109,203,323,521,window,partial,window.n.01
6-0-2.jpg,2,1,6390b55b-f2fa-42a9-9ede-699309dccb02,2,218,47,362,window,severe,window.n.01
6-1-0.jpg,3,0,b8757c65-1aab-44aa-99fd-d74fe5c6b922,1035,254,1080,317,bag,severe,bag.n.04
6-1-0.jpg,3,1,9d05f757-42ff-487e-9149-0e385da1fd28,537,65,619,157,teddy_bear,none,teddy.n.01
6-1-0.jpg,3,2,f1ebb638-46d0-42d9-8688-acc76a493048,199,46,1079,500,couch,partial,couch.n.01
6-1-1.jpg,4,0,0197e9cb-8f96-4990-b241-0fef6163edda,394,0,672,163,painting,partial,decoration.n.01
6-1-1.jpg,4,1,e8a81833-318a-40e3-b36b-c735779a067d,1052,241,1080,479,t-shirt,severe,t-shirt.n.01
6-1-1.jpg,4,2,87ca7039-2e04-452d-9c63-166270e2ccb4,538,387,617,468,teddy_bear,none,teddy.n.01
6-1-1.jpg,4,3,bdefd93b-a6a0-4321-8d41-f64670adff7d,337,359,1061,522,couch,partial,couch.n.01
6-1-2.jpg,3,0,2e7f1a3e-9b11-4129-917d-76b008eb21e6,329,0,431,19,lamp,severe,lamp.n.02
6-1-2.jpg,3,1,f523b7f3-8d45-4bfb-8fac-2c9cb9a9df55,1050,0,1079,52,lamp,severe,lamp.n.02
6-1-2.jpg,3,2,6e0089af-037f-46ee-93ff-2b02e80e78ec,400,232,668,418,painting,none,decoration.n.01
6-2-0.jpg,16,0,be2f2831-3d56-4b98-92f4-e65baa50062f,632,97,651,116,apple,none,apple.n.01
6-2-0.jpg,16,1,1e2b5749-6074-4106-9980-02cdccf77bc9,599,36,680,173,chair,none,chair.n.01
6-2-0.jpg,16,2,63efc9f3-9046-4d49-90d9-13af236fc539,750,1,787,97,door,severe,door.n.01
6-2-0.jpg,16,3,6776df19-c56e-440b-abb2-22d400658c58,731,181,761,212,rubiks_cube,none,toy.n.01
6-2-0.jpg,16,4,932ced62-bf05-438c-a5d9-974cc7fb26cc,2,0,116,189,t-shirt,partial,t-shirt.n.01
6-2-0.jpg,16,5,628beb54-44e7-4b0b-8226-e7848a488132,68,200,277,319,bag,none,bag.n.04
6-2-0.jpg,16,6,0055d9c2-2994-4451-827e-4a46545de2a6,317,102,509,233,footstool,none,footstool.n.01
6-2-0.jpg,16,7,227f8ac4-2031-4dd1-81e5-0ec91c9f4bdb,202,0,403,204,chair,partial,chair.n.01
6-2-0.jpg,16,8,c3dfd744-1051-420f-8ea5-235f175bc1d8,941,177,1040,213,headphones,partial,headphones.n.01
6-2-0.jpg,16,9,0cd86d05-1058-4054-b697-fd81867652c2,886,191,1049,256,book,partial,book.n.02
6-2-0.jpg,16,10,922426a7-a8f0-4073-9482-eed6116a73a0,893,146,997,268,vase,none,vase.n.01
6-2-0.jpg,16,11,7ea192b0-65d8-4327-a05f-abd978eff530,764,265,849,324,cup,none,cup.n.01
6-2-0.jpg,16,12,0e97c917-1bcf-4a82-9cd2-f1638b5ac6e8,850,273,975,355,teapot,none,teapot.n.01
6-2-0.jpg,16,13,9783c775-2219-42a4-8b02-585d0f462c20,887,0,1078,190,door,partial,door.n.01
6-2-0.jpg,16,14,367c4f67-32ce-4de2-93f0-69e034f2592e,645,183,1076,522,table,partial,table.n.02
6-2-0.jpg,16,15,913690df-5010-4f2f-be4c-348ca57c54f1,1,202,244,520,couch,partial,couch.n.01
6-2-1.jpg,18,0,d3232620-695e-42e0-a6eb-e9a1b2c635f4,1019,256,1058,292,door_handle,none,doorhandle.n.01
6-2-1.jpg,18,1,ab4080a2-ce62-4b3f-9c69-aad4ca01d089,1012,75,1075,219,bag,none,bag.n.04
6-2-1.jpg,18,2,d5f6adfe-1493-419f-91e4-2da1a7e72ad0,770,204,791,222,sign,none,sign.n.02
6-2-1.jpg,18,3,989dd120-cef2-45b0-84f8-44027fea32a2,747,268,766,292,door_handle,none,doorhandle.n.01
6-2-1.jpg,18,4,d0bc2865-9e2b-40fe-b1b4-d04fe5cfa0b8,742,154,764,385,door,partial,door.n.01
6-2-1.jpg,18,5,ab1c42d4-0979-489c-b2da-61ef5a9c43f2,883,70,1063,459,door,partial,door.n.01
6-2-1.jpg,18,6,a770db77-89e2-4dcf-980f-9e73ff7cefe0,940,455,1032,491,headphones,partial,headphones.n.01
6-2-1.jpg,18,7,cc52b2bb-3410-4bab-92bf-5c60af7a2ee7,885,472,1045,522,book,partial,book.n.02
6-2-1.jpg,18,8,203bfbf9-0369-448f-bb3b-64af2e78fb8c,898,431,980,520,vase,partial,vase.n.01
6-2-1.jpg,18,9,2edaec83-722e-4077-a6f0-907306a6b3d5,730,474,763,507,rubiks_cube,none,toy.n.01
6-2-1.jpg,18,10,f0aa08ac-dfda-4886-bbbc-0a47cb8d0a75,627,388,648,407,apple,none,apple.n.01
6-2-1.jpg,18,11,49adf144-c655-4c17-8846-a2322a0f0ca0,597,331,677,464,chair,none,chair.n.01
6-2-1.jpg,18,12,7299108d-4c85-46e4-88ee-3b1aed1fce68,96,27,201,175,painting,none,decoration.n.01
6-2-1.jpg,18,13,764c8b38-3c0a-45df-a176-9303baea34d1,26,233,146,464,t-shirt,none,t-shirt.n.01
6-2-1.jpg,18,14,9139087e-b407-4c19-ba00-0f5277fcb879,71,481,214,522,bag,partial,bag.n.04
6-2-1.jpg,18,15,bf759df2-72f7-4f1b-a4cc-9b39e4c10bb2,324,394,513,519,footstool,none,footstool.n.01
6-2-1.jpg,18,16,4a2d320d-fd3b-489f-870a-a04a0207c9b7,237,281,415,494,chair,partial,chair.n.01
6-2-1.jpg,18,17,5d7a8c2b-c496-4ed6-9ee1-8022fbbc5a4a,651,470,1080,520,table,partial,table.n.02
6-2-2.jpg,9,0,a0d2b4f6-f6e0-4824-ad54-83d0ca7553e1,999,314,1072,459,bag,none,bag.n.04
6-2-2.jpg,9,1,4d56b1ee-7fc2-4417-b763-57e30200a5bf,772,133,1050,180,lamp,none,lamp.n.02
6-2-2.jpg,9,2,21058545-f238-4175-9c43-0a5c99f24aae,261,133,561,186,lamp,none,lamp.n.02
6-2-2.jpg,9,3,37dd030a-09eb-46c7-b6df-527859486800,114,284,230,424,painting,none,decoration.n.01
6-2-2.jpg,9,4,a72d49cb-bb5d-45ef-b9bd-7b572ddd37e9,28,472,143,520,t-shirt,partial,t-shirt.n.01
6-2-2.jpg,9,5,37abed36-46ae-4c62-9c48-900273062403,737,402,776,523,door,severe,door.n.01
6-2-2.jpg,9,6,e892ad42-ec0b-4540-897f-8ebfbe6368a1,778,456,796,474,sign,none,sign.n.02
6-2-2.jpg,9,7,1adb1fbe-c20f-44e2-825c-2fa1dc22209f,1030,492,1069,520,door_handle,partial,doorhandle.n.01
6-2-2.jpg,9,8,30a8a15c-a419-4d5a-bb3d-60eed5036b77,862,313,1078,520,door,partial,door.n.01
6-3-0.jpg,11,0,6bbfab77-34b9-4152-9fcd-9ed3d1f310e6,922,34,955,61,rubiks_cube,none,toy.n.01
6-3-0.jpg,11,1,a12d4fb4-6932-4fc0-8ddf-49bf13fdc8f0,798,18,828,52,apple,none,apple.n.01
6-3-0.jpg,11,2,465f2c66-507d-4c9d-bcba-2005b43557e3,565,161,606,206,ball,none,ball.n.01
6-3-0.jpg,11,3,96e52a90-37f5-4e75-9404-8bc6d9647e4b,358,114,446,212,bag,none,bag.n.04
6-3-0.jpg,11,4,4609b269-8520-40cd-9787-b7c9d811b0c6,279,2,310,38,vase,partial,vase.n.01
6-3-0.jpg,11,5,43057eba-0861-49ca-a1d2-b62d649353e3,156,0,216,50,robot,partial,robot.n.01
6-3-0.jpg,11,6,dc595292-cef4-4e8c-a670-6a3d110502b3,45,187,116,217,shoes,none,shoe.n.01
6-3-0.jpg,11,7,0fe397ca-792c-4881-a78c-2f9292e9e811,2,218,291,519,table,partial,table.n.02
6-3-0.jpg,11,8,82546424-e3d5-46a8-b55b-f992ad23f273,134,0,375,220,closet,partial,closet.n.01
6-3-0.jpg,11,9,820e47f6-3c16-4ebe-8371-07c88b87e228,631,1,912,436,chair,partial,chair.n.01
6-3-0.jpg,11,10,0a049c48-4d15-4761-b5c6-2d30470a4c23,716,42,1080,520,desk,partial,desk.n.01
6-3-1.jpg,16,0,b013037f-7fcb-49ff-8007-e09894e3d8ca,776,335,805,365,apple,none,apple.n.01
6-3-1.jpg,16,1,6f70faf5-6f41-4dcf-b7ba-da257f4d2a46,894,342,919,370,rubiks_cube,none,toy.n.01
6-3-1.jpg,16,2,49a36fd1-46b2-42cf-a40b-9d327a0e4dd7,1046,237,1079,411,wine_bottle,partial,wine-bottle.n.01
6-3-1.jpg,16,3,bda88d86-8f65-49b5-a941-be46f7e535e2,1051,289,1078,426,wine_glass,partial,wineglass.n.01
6-3-1.jpg,16,4,92e7b28b-a099-4270-84ca-b4bb70d3dae3,875,0,977,294,window,none,window.n.01
6-3-1.jpg,16,5,454db1b0-e8cc-4ff0-9266-85f24fea43b2,568,472,608,516,ball,none,ball.n.01
6-3-1.jpg,16,6,2be0145b-704a-469d-8744-b2dbea7c4a73,640,276,917,523,chair,partial,chair.n.01
6-3-1.jpg,16,7,730ce3c9-cb1d-4ad6-80c7-0690d3f3df06,759,357,1079,523,desk,partial,desk.n.01
6-3-1.jpg,16,8,51a53cd8-51cf-4a7f-986e-07e35b3178b9,368,422,445,521,bag,none,bag.n.04
6-3-1.jpg,16,9,7c75a31e-138e-4dee-95fe-4fa8b17cb727,257,44,282,109,wine_bottle,none,wine-bottle.n.01
6-3-1.jpg,16,10,94ceeb5e-7d43-4f55-a852-dfe5fe6ec2d6,218,168,235,185,rubiks_cube,none,toy.n.01
6-3-1.jpg,16,11,187af313-8f76-4c02-b067-a211d641012a,195,284,252,355,robot,none,robot.n.01
6-3-1.jpg,16,12,75a2ea73-1da0-4845-a66a-663abb7df7ea,215,196,254,263,trophy,none,trophy.n.02
6-3-1.jpg,16,13,0333324d-cced-4bea-a55c-15709db6d477,281,197,339,261,robot,none,robot.n.01
6-3-1.jpg,16,14,f4da70b0-b6bc-4a9e-b289-e5c248474eda,304,293,339,356,vase,none,vase.n.01
6-3-1.jpg,16,15,6ec19986-8887-4135-9655-ceb6e65979de,173,102,379,517,closet,none,closet.n.01
6-3-2.jpg,10,0,2e2add7a-0793-4a38-913e-7ab3faf2c9ce,1009,80,1080,346,window,severe,window.n.01
6-3-2.jpg,10,1,72688ed2-5ae2-400f-801b-b881a64d43b1,851,241,989,522,window,partial,window.n.01
6-3-2.jpg,10,2,749f66ce-8852-42b9-ab90-c78c9f43bffe,589,1,706,214,lamp,partial,lamp.n.02
6-3-2.jpg,10,3,2b24dcad-9b53-4aca-9fa3-0c0d5f023750,1,24,172,224,lamp,partial,lamp.n.02
6-3-2.jpg,10,4,5217b064-0546-4842-ae35-7ed42cbd876e,274,287,299,346,wine_bottle,none,wine-bottle.n.01
6-3-2.jpg,10,5,93798c11-3ba6-4f5e-a0a7-a527ba00b572,221,402,243,419,rubiks_cube,none,toy.n.01
6-3-2.jpg,10,6,db58480e-ae64-48eb-8bf2-61a0469a42e7,213,428,254,497,trophy,none,trophy.n.02
6-3-2.jpg,10,7,b5eae66f-aad8-4feb-bdb7-63eda8c5ef03,273,434,340,497,robot,none,robot.n.01
6-3-2.jpg,10,8,8545ed69-6c23-428a-96d1-3f9e08788df3,163,343,386,522,closet,partial,closet.n.01
6-3-2.jpg,10,9,63a6a700-9998-4524-b404-bebf7a12d2b7,1052,460,1080,520,wine_bottle,severe,wine-bottle.n.01
7-0-0.jpg,13,0,0d2d48e6-4a7c-4d03-8a6c-cd0835c12bbb,56,306,121,363,rubiks_cube,none,toy.n.01
7-0-0.jpg,13,1,44b9ce59-c81f-4b3c-a9c1-e5350da0c5ae,5,155,108,280,vase,none,vase.n.01
7-0-0.jpg,13,2,cc92203b-7f2a-4e79-b6ae-ba528fe348b2,229,192,283,231,cup,none,cup.n.01
7-0-0.jpg,13,3,b6371dc2-5c68-4615-b762-b6ab77a6fb3b,188,169,255,219,teapot,partial,teapot.n.01
7-0-0.jpg,13,4,fa99b205-1368-40c6-8b9f-2d853c6dc237,583,0,657,171,robot,partial,robot.n.01
7-0-0.jpg,13,5,4eb048e7-ccf5-45b9-a12d-d145d8978422,849,46,912,100,teddy_bear,none,teddy.n.01
7-0-0.jpg,13,6,0af39d13-46b5-4724-92ab-14ea25a16422,825,268,1064,447,bag,none,bag.n.04
7-0-0.jpg,13,7,a14f05fc-2527-4bd7-8ad2-bd11c5b94069,670,41,1079,480,couch,partial,couch.n.01
7-0-0.jpg,13,8,c0e5dc61-1b3e-4357-b84d-5dd8d4bb1f86,111,31,128,48,apple,partial,apple.n.01
7-0-0.jpg,13,9,c342f022-3881-4954-acda-55ff0a4e8388,303,0,327,34,wine_bottle,partial,wine-bottle.n.01
7-0-0.jpg,13,10,5adc8d0e-39d1-4ce4-b9df-912b1d66eb1b,121,2,310,193,chair,partial,chair.n.01
7-0-0.jpg,13,11,ceef0fdb-6c08-4faf-b3fd-bd83eacdb810,76,25,411,198,desk,partial,desk.n.01
7-0-0.jpg,13,12,d1b86b89-e1f5-457f-82f6-b9b3240171c8,3,187,357,520,table,partial,table.n.02
7-0-1.jpg,16,0,a40a62da-8b3d-462c-9674-511555e69bf2,863,1,1017,208,painting,partial,decoration.n.01
7-0-1.jpg,16,1,127ac621-fffe-4491-bcc6-7701df62e2f1,834,353,888,404,teddy_bear,none,teddy.n.01
7-0-1.jpg,16,2,2afc9de6-b3f4-4adf-874f-66e9fb5fd9ea,670,334,1079,520,couch,partial,couch.n.01
7-0-1.jpg,16,3,6334eaee-52ec-4269-a8b1-25972b783314,587,300,654,475,robot,none,robot.n.01
7-0-1.jpg,16,4,0a4cd3f3-dc2a-4a86-ad1b-61d45bb06af7,343,305,365,345,wine_glass,none,wineglass.n.01
7-0-1.jpg,16,5,60324102-ecbd-4eac-aec4-8715c658dd4e,331,284,352,346,wine_bottle,partial,wine-bottle.n.01
7-0-1.jpg,16,6,30b2d4ce-165a-4b43-8324-9c6d8b08193f,302,126,389,305,window,none,window.n.01
7-0-1.jpg,16,7,0bc9e8c0-6472-4f45-be59-84abe567521f,147,331,164,349,apple,partial,apple.n.01
7-0-1.jpg,16,8,ed932eeb-f21a-48a9-8e39-db8a0f424f42,232,498,288,520,cup,partial,cup.n.01
7-0-1.jpg,16,9,c33c24d9-a074-4a5f-8aae-80d9686b71cb,199,473,264,521,teapot,partial,teapot.n.01
7-0-1.jpg,16,10,d771c4f4-cda2-486a-8124-a2092fe4ab78,31,449,105,522,vase,partial,vase.n.01
7-0-1.jpg,16,11,e0ae62c5-9263-41be-b2c4-2eb3aa33502e,154,293,312,494,chair,partial,chair.n.01
7-0-1.jpg,16,12,3a44d905-9baf-4a5f-8f23-3e07ee4a967b,109,337,414,504,desk,partial,desk.n.01
7-0-1.jpg,16,13,e968d25c-b81d-4373-9ca5-553819d16ffa,130,131,215,308,window,none,window.n.01
7-0-1.jpg,16,14,994070a8-a209-4730-bfe9-88ca29118cff,31,0,187,19,lamp,severe,lamp.n.02
7-0-1.jpg,16,15,cb4c2dcd-7b28-4caa-8936-1a70e7292d85,3,491,360,520,table,partial,table.n.02
7-0-2.jpg,5,0,a881bc62-1fbb-4c78-8976-2548fb2ad595,480,210,735,261,lamp,none,lamp.n.02
7-0-2.jpg,5,1,adbe7337-3303-4263-b232-64b14a2068a1,61,214,310,266,lamp,none,lamp.n.02
7-0-2.jpg,5,2,a0616145-a4c6-425b-affd-2b8ea43c8f21,288,376,397,521,window,partial,window.n.01
7-0-2.jpg,5,3,bb7edce4-0442-4364-9eca-acd441f82fe7,114,377,225,520,window,partial,window.n.01
7-0-2.jpg,5,4,065c38d1-b440-4ee2-91af-2d7607581dc8,845,236,1007,452,painting,none,decoration.n.01
7-1-0.jpg,5,0,19023b06-7937-4a39-8a8c-f0cd64f086a7,707,314,1079,521,footstool,partial,footstool.n.01
7-1-0.jpg,5,1,2549c118-840a-462c-82b9-e608a2531f3e,801,0,1080,368,chair,partial,chair.n.01
7-1-0.jpg,5,2,26ba2f60-1986-419b-bca0-71cb8c7d1f1e,261,0,507,220,t-shirt,partial,t-shirt.n.01
7-1-0.jpg,5,3,d0b188dc-bd18-464e-92d5-ff5ccde31dd1,0,60,278,520,couch,partial,couch.n.01
7-1-0.jpg,5,4,f2bc90ef-17f9-4033-9b8b-bec1800aefea,1,296,98,487,bag,partial,bag.n.04
7-1-1.jpg,4,0,0e051103-4db9-4467-bd58-9b2c424e9f0d,822,259,1080,521,chair,partial,chair.n.01
7-1-1.jpg,4,1,30a5fccc-5140-4e5d-a527-4f88d51dd5bc,487,0,694,82,painting,partial,decoration.n.01
7-1-1.jpg,4,2,4d2217e2-af50-447d-ac4e-24dce6d5b67e,298,204,510,514,t-shirt,none,t-shirt.n.01
7-1-1.jpg,4,3,1d2273b9-d843-4201-9886-f18d82b44d72,1,357,259,521,couch,partial,couch.n.01
7-1-2.jpg,3,0,708b6300-c27b-4444-b1d1-4fbfc158339c,493,220,687,365,painting,none,decoration.n.01
7-1-2.jpg,3,1,ac5a7c37-3822-4c18-998e-2d89945c8e39,307,479,498,520,t-shirt,severe,t-shirt.n.01
7-1-2.jpg,3,2,d269ee68-9374-475f-b046-8668a3847947,0,220,30,334,painting,severe,decoration.n.01
7-2-0.jpg,4,0,22b47a76-72bb-4648-8033-03dc4a7a4081,776,238,810,275,apple,none,apple.n.01
7-2-0.jpg,4,1,83d00e39-8a48-497e-8931-d9495dde1d35,690,97,884,414,chair,none,chair.n.01
7-2-0.jpg,4,2,ee287c2c-66a3-4715-b6c9-04fefe837659,2,272,447,520,footstool,partial,footstool.n.01
7-2-0.jpg,4,3,8f125db8-1707-40b8-93d2-62879ab156fd,0,0,219,370,chair,partial,chair.n.01
7-2-1.jpg,2,0,831515d5-d979-4663-acba-a5317cc4e088,718,411,874,521,chair,partial,chair.n.01
7-2-1.jpg,2,1,bb873b48-b8f2-489a-9aa4-bbfb93f46951,0,281,225,522,chair,partial,chair.n.01
7-3-0.jpg,15,0,f4b9842a-a0b6-4bf3-b558-7f587100c738,460,171,508,201,shoes,none,shoe.n.01
7-3-0.jpg,15,1,b7cfb5e4-ea62-4dfd-bf5a-23c93c6399a7,133,1,382,237,door,partial,door.n.01
7-3-0.jpg,15,2,a49d1a9f-3bcc-4ec3-9a56-99df0c734bdb,2,0,104,162,door,partial,door.n.01
7-3-0.jpg,15,3,b2a08746-4f00-4370-8107-901cc0e0a41c,54,0,75,22,door_handle,partial,doorhandle.n.01
7-3-0.jpg,15,4,73f11699-5fa4-4da0-884a-65898fc003ba,970,160,1010,199,ball,none,ball.n.01
7-3-0.jpg,15,5,da93e1d7-97fa-49bf-9407-0d75f53e7959,1048,167,1079,304,vase,partial,vase.n.01
7-3-0.jpg,15,6,13af0d66-5a3e-4536-860e-5a461afd3f42,1004,329,1069,389,rubiks_cube,none,toy.n.01
7-3-0.jpg,15,7,217e4109-bc27-4676-863e-905a3f3da077,663,0,709,31,robot,severe,robot.n.01
7-3-0.jpg,15,8,f46bc67c-dbe3-4c6d-a3f9-26ada244da18,768,2,798,32,vase,partial,vase.n.01
7-3-0.jpg,15,9,59f51012-dec6-458e-a0eb-054d7e15450d,799,179,901,224,headphones,none,headphones.n.01
7-3-0.jpg,15,10,f194ceaf-2073-4503-93b8-a89109ca1398,839,198,999,275,book,partial,book.n.02
7-3-0.jpg,15,11,113b9eda-f6e6-44fd-8253-e3c0f9cb3be0,817,114,873,196,bag,partial,bag.n.04
7-3-0.jpg,15,12,64333e85-1b02-42b2-af5e-ca14c6623215,627,0,851,208,closet,partial,closet.n.01
7-3-0.jpg,15,13,6766d483-fdde-441c-8930-7bc7c651fd24,748,198,1078,521,table,partial,table.n.02
7-3-0.jpg,15,14,f6599293-eaac-4659-99c1-e1ad1bf2edfa,1,423,41,506,chair,severe,chair.n.01
7-3-1.jpg,21,0,eb6e3631-7f9e-44d9-8b8d-872477c4a72f,459,481,510,512,shoes,none,shoe.n.01
7-3-1.jpg,21,1,7a16e14a-1804-492a-b439-82d9758ccacb,975,452,1016,491,ball,none,ball.n.01
7-3-1.jpg,21,2,fa216066-e57a-4796-a54b-a500995abd4d,706,44,729,106,wine_bottle,none,wine-bottle.n.01
7-3-1.jpg,21,3,bbb7d54d-f95a-4e1c-9fc1-220a874b413c,667,166,683,181,rubiks_cube,none,toy.n.01
7-3-1.jpg,21,4,a36a19be-4b94-42d2-afb7-fa8e83eeeea5,668,191,697,258,trophy,none,trophy.n.02
7-3-1.jpg,21,5,88d8550b-d446-417b-9e15-6cfe5c59b024,649,282,693,349,robot,none,robot.n.01
7-3-1.jpg,21,6,27f60985-2cf0-4eb8-9668-c6f412141553,745,291,776,348,vase,none,vase.n.01
7-3-1.jpg,21,7,7aa81d6f-cf9c-4355-b2b2-a1aa28099520,713,196,786,256,robot,none,robot.n.01
7-3-1.jpg,21,8,d1f77e6a-df27-4ebb-9b8f-1a7707d518da,1055,457,1079,520,vase,severe,vase.n.01
7-3-1.jpg,21,9,e3f7a7a0-f531-494c-81b3-c4449756f5e5,802,486,901,521,headphones,partial,headphones.n.01
7-3-1.jpg,21,10,192269ff-20ed-45af-9752-e29491cb2cea,825,416,882,498,bag,partial,bag.n.04
7-3-1.jpg,21,11,6099298f-831b-465f-a401-884e0b3a0e3c,632,102,824,518,closet,none,closet.n.01
7-3-1.jpg,21,12,c3bd4eb1-01f9-494f-8b2a-53e1730130c1,340,81,400,245,bag,none,bag.n.04
7-3-1.jpg,21,13,588c63e4-320c-4a0d-b206-23d636e26cdd,342,278,377,314,door_handle,none,doorhandle.n.01
7-3-1.jpg,21,14,76878913-ba60-46f6-82cf-843470672934,124,220,145,237,sign,none,sign.n.02
7-3-1.jpg,21,15,50d8b592-339f-422d-a2cf-13504127a37f,98,293,119,315,door_handle,none,doorhandle.n.01
7-3-1.jpg,21,16,580522d5-898f-431d-beac-c3a11dbc619a,38,129,120,441,door,none,door.n.01
7-3-1.jpg,21,17,f2e3bcad-2469-47ef-ada2-8a5aea745fa6,80,76,162,128,lamp,partial,lamp.n.02
7-3-1.jpg,21,18,0de92b3a-cddc-48f6-8242-a2771ddf55c2,182,39,380,520,door,partial,door.n.01
7-3-1.jpg,21,19,18c09c99-3117-49c7-a9bc-801bdb3b72b6,755,484,1079,520,table,partial,table.n.02
7-3-1.jpg,21,20,53d37820-657f-4980-a4e6-274a72a57f19,878,504,995,520,book,severe,book.n.02
7-3-2.jpg,12,0,dd2f1c35-64c8-4749-b146-851eacf5e7d5,530,11,590,232,lamp,none,lamp.n.02
7-3-2.jpg,12,1,9e4b1fc6-3731-4acc-ab16-89e3482823c1,970,108,1080,230,lamp,partial,lamp.n.02
7-3-2.jpg,12,2,f1578347-d9ee-4062-9fc6-a0a11a8e381b,695,294,718,352,wine_bottle,none,wine-bottle.n.01
7-3-2.jpg,12,3,de52db93-4f18-4a86-841b-6fb5873fb26d,664,409,683,424,rubiks_cube,none,toy.n.01
7-3-2.jpg,12,4,cb8a00e5-9033-40f3-9ce9-18bc914f7359,668,435,699,503,trophy,none,trophy.n.02
7-3-2.jpg,12,5,49d16df9-df35-4214-ad5a-2b6d72471ba7,716,435,790,503,robot,none,robot.n.01
7-3-2.jpg,12,6,75b19b5c-99f3-41cd-954f-23c72a8dab2e,341,329,397,486,bag,none,bag.n.04
7-3-2.jpg,12,7,36128ef9-6921-4931-abed-dbbc31978caf,624,348,830,521,closet,partial,closet.n.01
7-3-2.jpg,12,8,105ad779-8b86-417a-9ebe-7fabe766afe7,117,451,138,470,sign,none,sign.n.02
7-3-2.jpg,12,9,c2c1bcf3-7461-4ae6-8a67-9f0cfd61a5c5,18,353,129,520,door,partial,door.n.01
7-3-2.jpg,12,10,6326d57f-82a7-4148-b117-2dbee88dcde6,106,312,179,360,lamp,partial,lamp.n.02
7-3-2.jpg,12,11,fbe54111-a6f8-4919-8df0-c53b867987b4,162,285,392,521,door,partial,door.n.01
