filename,file_size,file_attributes,region_count,region_id,region_shape_attributes,region_attributes
0-0-0.jpg,360240,{},6,0,"{""name"":""rect"",""x"":712,""y"":46,""width"":88,""height"":51}","{""label"":""cup"",""occlusion"":""none""}"
0-0-0.jpg,360240,{},6,1,"{""name"":""rect"",""x"":632,""y"":31,""width"":42,""height"":39}","{""label"":""rubiks_cube"",""occlusion"":""none""}"
0-0-0.jpg,360240,{},6,2,"{""name"":""rect"",""x"":189,""y"":1,""width"":67,""height"":103}","{""label"":""wine_bottle"",""occlusion"":""partial""}"
0-0-0.jpg,360240,{},6,3,"{""name"":""rect"",""x"":393,""y"":0,""width"":105,""height"":69}","{""label"":""teddy_bear"",""occlusion"":""partial""}"
0-0-0.jpg,360240,{},6,4,"{""name"":""rect"",""x"":455,""y"":65,""width"":175,""height"":48}","{""label"":""book"",""occlusion"":""none""}"
0-0-0.jpg,360240,{},6,5,"{""name"":""rect"",""x"":22,""y"":53,""width"":943,""height"":469}","{""label"":""desk"",""occlusion"":""partial""}"
0-0-1.jpg,197772,{},8,0,"{""name"":""rect"",""x"":232,""y"":197,""width"":53,""height"":190}","{""label"":""wine_bottle"",""occlusion"":""none""}"
0-0-1.jpg,197772,{},8,1,"{""name"":""rect"",""x"":414,""y"":255,""width"":89,""height"":100}","{""label"":""teddy_bear"",""occlusion"":""none""}"
0-0-1.jpg,197772,{},8,2,"{""name"":""rect"",""x"":626,""y"":324,""width"":37,""height"":31}","{""label"":""rubiks_cube"",""occlusion"":""none""}"
0-0-1.jpg,197772,{},8,3,"{""name"":""rect"",""x"":696,""y"":334,""width"":80,""height"":46}","{""label"":""cup"",""occlusion"":""none""}"
0-0-1.jpg,197772,{},8,4,"{""name"":""rect"",""x"":463,""y"":351,""width"":163,""height"":51}","{""label"":""book"",""occlusion"":""none""}"
0-0-1.jpg,197772,{},8,5,"{""name"":""rect"",""x"":602,""y"":1,""width"":180,""height"":256}","{""label"":""window"",""occlusion"":""partial""}"
0-0-1.jpg,197772,{},8,6,"{""name"":""rect"",""x"":373,""y"":1,""width"":197,""height"":277}","{""label"":""window"",""occlusion"":""partial""}"
0-0-1.jpg,197772,{},8,7,"{""name"":""rect"",""x"":62,""y"":340,""width"":873,""height"":179}","{""label"":""desk"",""occlusion"":""partial""}"
0-0-2.jpg,199167,{},2,0,"{""name"":""rect"",""x"":371,""y"":202,""width"":200,""height"":318}","{""label"":""window"",""occlusion"":""partial""}"
0-0-2.jpg,199167,{},2,1,"{""name"":""rect"",""x"":591,""y"":184,""width"":198,""height"":337}","{""label"":""window"",""occlusion"":""partial""}"
0-1-0.jpg,422021,{},1,0,"{""name"":""rect"",""x"":505,""y"":402,""width"":121,""height"":117}","{""label"":""ball"",""occlusion"":""none""}"
0-1-1.jpg,391659,{},1,0,"{""name"":""rect"",""x"":373,""y"":2,""width"":162,""height"":210}","{""label"":""bag"",""occlusion"":""partial""}"
0-1-2.jpg,329522,{},1,0,"{""name"":""rect"",""x"":384,""y"":131,""width"":151,""height"":334}","{""label"":""bag"",""occlusion"":""none""}"
0-2-0.jpg,393262,{},5,0,"{""name"":""rect"",""x"":150,""y"":48,""width"":268,""height"":319}","{""label"":""chair"",""occlusion"":""none""}"
0-2-0.jpg,393262,{},5,1,"{""name"":""rect"",""x"":533,""y"":0,""width"":106,""height"":100}","{""label"":""door"",""occlusion"":""partial""}"
0-2-0.jpg,393262,{},5,2,"{""name"":""rect"",""x"":645,""y"":1,""width"":177,""height"":206}","{""label"":""door"",""occlusion"":""partial""}"
0-2-0.jpg,393262,{},5,3,"{""name"":""rect"",""x"":357,""y"":0,""width"":110,""height"":196}","{""label"":""box"",""occlusion"":""partial""}"
0-2-0.jpg,393262,{},5,4,"{""name"":""rect"",""x"":360,""y"":89,""width"":100,""height"":103}","{""label"":""bag"",""occlusion"":""partial""}"
0-2-1.jpg,308528,{},9,0,"{""name"":""rect"",""x"":948,""y"":0,""width"":97,""height"":307}","{""label"":""jacket"",""occlusion"":""none""}"
0-2-1.jpg,308528,{},9,1,"{""name"":""rect"",""x"":358,""y"":387,""width"":109,""height"":103}","{""label"":""bag"",""occlusion"":""partial""}"
0-2-1.jpg,308528,{},9,2,"{""name"":""rect"",""x"":375,""y"":283,""width"":102,""height"":197}","{""label"":""box"",""occlusion"":""partial""}"
0-2-1.jpg,308528,{},9,3,"{""name"":""rect"",""x"":536,""y"":160,""width"":98,""height"":237}","{""label"":""door"",""occlusion"":""none""}"
0-2-1.jpg,308528,{},9,4,"{""name"":""rect"",""x"":651,""y"":51,""width"":144,""height"":447}","{""label"":""door"",""occlusion"":""none""}"
0-2-1.jpg,308528,{},9,5,"{""name"":""rect"",""x"":183,""y"":350,""width"":226,""height"":172}","{""label"":""chair"",""occlusion"":""partial""}"
0-2-1.jpg,308528,{},9,6,"{""name"":""rect"",""x"":503,""y"":125,""width"":87,""height"":16}","{""label"":""lamp"",""occlusion"":""partial""}"
0-2-1.jpg,308528,{},9,7,"{""name"":""rect"",""x"":609,""y"":279,""width"":22,""height"":23}","{""label"":""door_handle"",""occlusion"":""none""}"
0-2-1.jpg,308528,{},9,8,"{""name"":""rect"",""x"":747,""y"":265,""width"":39,""height"":37}","{""label"":""door_handle"",""occlusion"":""none""}"
0-2-2.jpg,256554,{},5,0,"{""name"":""rect"",""x"":433,""y"":114,""width"":311,""height"":58}","{""label"":""lamp"",""occlusion"":""none""}"
0-2-2.jpg,256554,{},5,1,"{""name"":""rect"",""x"":538,""y"":402,""width"":96,""height"":121}","{""label"":""door"",""occlusion"":""partial""}"
0-2-2.jpg,256554,{},5,2,"{""name"":""rect"",""x"":644,""y"":305,""width"":164,""height"":215}","{""label"":""door"",""occlusion"":""partial""}"
0-2-2.jpg,256554,{},5,3,"{""name"":""rect"",""x"":916,""y"":239,""width"":119,""height"":282}","{""label"":""jacket"",""occlusion"":""none""}"
0-2-2.jpg,256554,{},5,4,"{""name"":""rect"",""x"":505,""y"":370,""width"":85,""height"":15}","{""label"":""lamp"",""occlusion"":""partial""}"
0-3-0.jpg,339139,{},1,0,"{""name"":""rect"",""x"":545,""y"":2,""width"":531,""height"":515}","{""label"":""chair"",""occlusion"":""partial""}"
0-3-1.jpg,265940,{},1,0,"{""name"":""rect"",""x"":506,""y"":242,""width"":495,""height"":279}","{""label"":""chair"",""occlusion"":""partial""}"
0-3-2.jpg,196534,{},1,0,"{""name"":""rect"",""x"":3,""y"":235,""width"":47,""height"":192}","{""label"":""jacket"",""occlusion"":""partial""}"
1-0-0.jpg,379965,{},8,0,"{""name"":""rect"",""x"":772,""y"":220,""width"":70,""height"":70}","{""label"":""ball"",""occlusion"":""none""}"
1-0-0.jpg,379965,{},8,1,"{""name"":""rect"",""x"":599,""y"":12,""width"":18,""height"":15}","{""label"":""rubiks_cube"",""occlusion"":""none""}"
1-0-0.jpg,379965,{},8,2,"{""name"":""rect"",""x"":624,""y"":12,""width"":30,""height"":19}","{""label"":""cup"",""occlusion"":""none""}"
1-0-0.jpg,379965,{},8,3,"{""name"":""rect"",""x"":532,""y"":16,""width"":62,""height"":18}","{""label"":""book"",""occlusion"":""none""}"
1-0-0.jpg,379965,{},8,4,"{""name"":""rect"",""x"":501,""y"":0,""width"":41,""height"":24}","{""label"":""teddy_bear"",""occlusion"":""partial""}"
1-0-0.jpg,379965,{},8,5,"{""name"":""rect"",""x"":441,""y"":0,""width"":19,""height"":31}","{""label"":""wine_bottle"",""occlusion"":""partial""}"
1-0-0.jpg,379965,{},8,6,"{""name"":""rect"",""x"":399,""y"":21,""width"":296,""height"":191}","{""label"":""desk"",""occlusion"":""partial""}"
1-0-0.jpg,379965,{},8,7,"{""name"":""rect"",""x"":228,""y"":0,""width"":233,""height"":290}","{""label"":""chair"",""occlusion"":""partial""}"
1-0-1.jpg,241933,{},10,0,"{""name"":""rect"",""x"":808,""y"":56,""width"":39,""height"":202}","{""label"":""bag"",""occlusion"":""none""}"
1-0-1.jpg,241933,{},10,1,"{""name"":""rect"",""x"":589,""y"":102,""width"":88,""height"":192}","{""label"":""window"",""occlusion"":""none""}"
1-0-1.jpg,241933,{},10,2,"{""name"":""rect"",""x"":455,""y"":270,""width"":17,""height"":70}","{""label"":""wine_bottle"",""occlusion"":""none""}"
1-0-1.jpg,241933,{},10,3,"{""name"":""rect"",""x"":619,""y"":322,""width"":28,""height"":17}","{""label"":""cup"",""occlusion"":""none""}"
1-0-1.jpg,241933,{},10,4,"{""name"":""rect"",""x"":595,""y"":320,""width"":17,""height"":15}","{""label"":""rubiks_cube"",""occlusion"":""none""}"
1-0-1.jpg,241933,{},10,5,"{""name"":""rect"",""x"":506,""y"":290,""width"":41,""height"":48}","{""label"":""teddy_bear"",""occlusion"":""none""}"
1-0-1.jpg,241933,{},10,6,"{""name"":""rect"",""x"":538,""y"":329,""width"":52,""height"":12}","{""label"":""book"",""occlusion"":""none""}"
1-0-1.jpg,241933,{},10,7,"{""name"":""rect"",""x"":473,""y"":102,""width"":99,""height"":201}","{""label"":""window"",""occlusion"":""none""}"
1-0-1.jpg,241933,{},10,8,"{""name"":""rect"",""x"":257,""y"":276,""width"":186,""height"":246}","{""label"":""chair"",""occlusion"":""partial""}"
1-0-1.jpg,241933,{},10,9,"{""name"":""rect"",""x"":411,""y"":329,""width"":276,""height"":177}","{""label"":""desk"",""occlusion"":""partial""}"
1-0-2.jpg,219941,{},4,0,"{""name"":""rect"",""x"":392,""y"":186,""width"":267,""height"":56}","{""label"":""lamp"",""occlusion"":""none""}"
1-0-2.jpg,219941,{},4,1,"{""name"":""rect"",""x"":796,""y"":314,""width"":53,""height"":196}","{""label"":""bag"",""occlusion"":""none""}"
1-0-2.jpg,219941,{},4,2,"{""name"":""rect"",""x"":587,""y"":358,""width"":100,""height"":162}","{""label"":""window"",""occlusion"":""partial""}"
1-0-2.jpg,219941,{},4,3,"{""name"":""rect"",""x"":469,""y"":358,""width"":108,""height"":163}","{""label"":""window"",""occlusion"":""partial""}"
1-1-0.jpg,365258,{},2,0,"{""name"":""rect"",""x"":140,""y"":68,""width"":451,""height"":452}","{""label"":""chair"",""occlusion"":""partial""}"
1-1-0.jpg,365258,{},2,1,"{""name"":""rect"",""x"":910,""y"":237,""width"":169,""height"":282}","{""label"":""bag"",""occlusion"":""partial""}"
1-1-1.jpg,332742,{},1,0,"{""name"":""rect"",""x"":179,""y"":395,""width"":405,""height"":126}","{""label"":""chair"",""occlusion"":""partial""}"
1-1-2.jpg,272285,{},0,0,{},{}
1-2-0.jpg,399249,{},4,0,"{""name"":""rect"",""x"":482,""y"":0,""width"":154,""height"":140}","{""label"":""door"",""occlusion"":""partial""}"
1-2-0.jpg,399249,{},4,1,"{""name"":""rect"",""x"":672,""y"":1,""width"":406,""height"":470}","{""label"":""door"",""occlusion"":""partial""}"
1-2-0.jpg,399249,{},4,2,"{""name"":""rect"",""x"":9,""y"":238,""width"":253,""height"":214}","{""label"":""bag"",""occlusion"":""none""}"
1-2-0.jpg,399249,{},4,3,"{""name"":""rect"",""x"":2,""y"":1,""width"":334,""height"":398}","{""label"":""box"",""occlusion"":""partial""}"
1-2-1.jpg,292708,{},7,0,"{""name"":""rect"",""x"":50,""y"":271,""width"":267,""height"":252}","{""label"":""box"",""occlusion"":""partial""}"
1-2-1.jpg,292708,{},7,1,"{""name"":""rect"",""x"":387,""y"":6,""width"":178,""height"":36}","{""label"":""lamp"",""occlusion"":""partial""}"
1-2-1.jpg,292708,{},7,2,"{""name"":""rect"",""x"":680,""y"":0,""width"":399,""height"":521}","{""label"":""door"",""occlusion"":""partial""}"
1-2-1.jpg,292708,{},7,3,"{""name"":""rect"",""x"":488,""y"":91,""width"":142,""height"":350}","{""label"":""door"",""occlusion"":""none""}"
1-2-1.jpg,292708,{},7,4,"{""name"":""rect"",""x"":636,""y"":174,""width"":30,""height"":19}","{""label"":""sign"",""occlusion"":""none""}"
1-2-1.jpg,292708,{},7,5,"{""name"":""rect"",""x"":597,""y"":271,""width"":29,""height"":34}","{""label"":""door_handle"",""occlusion"":""none""}"
1-2-1.jpg,292708,{},7,6,"{""name"":""rect"",""x"":973,""y"":206,""width"":105,""height"":99}","{""label"":""door_handle"",""occlusion"":""none""}"
1-2-2.jpg,296673,{},5,0,"{""name"":""rect"",""x"":486,""y"":348,""width"":145,""height"":173}","{""label"":""door"",""occlusion"":""partial""}"
1-2-2.jpg,296673,{},5,1,"{""name"":""rect"",""x"":401,""y"":276,""width"":163,""height"":30}","{""label"":""lamp"",""occlusion"":""partial""}"
1-2-2.jpg,296673,{},5,2,"{""name"":""rect"",""x"":658,""y"":28,""width"":421,""height"":492}","{""label"":""door"",""occlusion"":""partial""}"
1-2-2.jpg,296673,{},5,3,"{""name"":""rect"",""x"":968,""y"":449,""width"":106,""height"":71}","{""label"":""door_handle"",""occlusion"":""partial""}"
1-2-2.jpg,296673,{},5,4,"{""name"":""rect"",""x"":639,""y"":427,""width"":30,""height"":22}","{""label"":""sign"",""occlusion"":""none""}"
1-3-0.jpg,319436,{},1,0,"{""name"":""rect"",""x"":1,""y"":2,""width"":149,""height"":492}","{""label"":""door"",""occlusion"":""severe""}"
1-3-1.jpg,273654,{},3,0,"{""name"":""rect"",""x"":2,""y"":0,""width"":91,""height"":520}","{""label"":""door"",""occlusion"":""partial""}"
1-3-1.jpg,273654,{},3,1,"{""name"":""rect"",""x"":612,""y"":4,""width"":213,""height"":322}","{""label"":""jacket"",""occlusion"":""partial""}"
1-3-1.jpg,273654,{},3,2,"{""name"":""rect"",""x"":2,""y"":237,""width"":50,""height"":92}","{""label"":""door_handle"",""occlusion"":""partial""}"
1-3-2.jpg,282536,{},3,0,"{""name"":""rect"",""x"":613,""y"":194,""width"":209,""height"":327}","{""label"":""jacket"",""occlusion"":""partial""}"
1-3-2.jpg,282536,{},3,1,"{""name"":""rect"",""x"":0,""y"":19,""width"":204,""height"":501}","{""label"":""door"",""occlusion"":""partial""}"
1-3-2.jpg,282536,{},3,2,"{""name"":""rect"",""x"":2,""y"":473,""width"":58,""height"":48}","{""label"":""door_handle"",""occlusion"":""partial""}"
2-0-0.jpg,416759,{},5,0,"{""name"":""rect"",""x"":639,""y"":19,""width"":133,""height"":191}","{""label"":""chair"",""occlusion"":""none""}"
2-0-0.jpg,416759,{},5,1,"{""name"":""rect"",""x"":405,""y"":0,""width"":96,""height"":129}","{""label"":""chair"",""occlusion"":""partial""}"
2-0-0.jpg,416759,{},5,2,"{""name"":""rect"",""x"":471,""y"":7,""width"":148,""height"":105}","{""label"":""desk"",""occlusion"":""partial""}"
2-0-0.jpg,416759,{},5,3,"{""name"":""rect"",""x"":735,""y"":198,""width"":41,""height"":115}","{""label"":""bag"",""occlusion"":""severe""}"
2-0-0.jpg,416759,{},5,4,"{""name"":""rect"",""x"":237,""y"":1,""width"":111,""height"":437}","{""label"":""door"",""occlusion"":""severe""}"
2-0-1.jpg,311669,{},11,0,"{""name"":""rect"",""x"":458,""y"":99,""width"":152,""height"":25}","{""label"":""lamp"",""occlusion"":""none""}"
2-0-1.jpg,311669,{},11,1,"{""name"":""rect"",""x"":306,""y"":129,""width"":56,""height"":171}","{""label"":""jacket"",""occlusion"":""none""}"
2-0-1.jpg,311669,{},11,2,"{""name"":""rect"",""x"":635,""y"":319,""width"":121,""height"":179}","{""label"":""chair"",""occlusion"":""none""}"
2-0-1.jpg,311669,{},11,3,"{""name"":""rect"",""x"":572,""y"":180,""width"":48,""height"":108}","{""label"":""window"",""occlusion"":""none""}"
2-0-1.jpg,311669,{},11,4,"{""name"":""rect"",""x"":503,""y"":178,""width"":58,""height"":114}","{""label"":""window"",""occlusion"":""none""}"
2-0-1.jpg,311669,{},11,5,"{""name"":""rect"",""x"":417,""y"":283,""width"":81,""height"":127}","{""label"":""chair"",""occlusion"":""none""}"
2-0-1.jpg,311669,{},11,6,"{""name"":""rect"",""x"":482,""y"":305,""width"":131,""height"":102}","{""label"":""desk"",""occlusion"":""partial""}"
2-0-1.jpg,311669,{},11,7,"{""name"":""rect"",""x"":670,""y"":181,""width"":8,""height"":94}","{""label"":""bag"",""occlusion"":""none""}"
2-0-1.jpg,311669,{},11,8,"{""name"":""rect"",""x"":282,""y"":1,""width"":28,""height"":519}","{""label"":""door"",""occlusion"":""severe""}"
2-0-1.jpg,311669,{},11,9,"{""name"":""rect"",""x"":496,""y"":278,""width"":12,""height"":39}","{""label"":""wine_bottle"",""occlusion"":""none""}"
2-0-1.jpg,311669,{},11,10,"{""name"":""rect"",""x"":524,""y"":288,""width"":21,""height"":27}","{""label"":""teddy_bear"",""occlusion"":""none""}"
2-0-2.jpg,222149,{},8,0,"{""name"":""rect"",""x"":404,""y"":225,""width"":242,""height"":44}","{""label"":""lamp"",""occlusion"":""none""}"
2-0-2.jpg,222149,{},8,1,"{""name"":""rect"",""x"":308,""y"":392,""width"":42,""height"":129}","{""label"":""jacket"",""occlusion"":""partial""}"
2-0-2.jpg,222149,{},8,2,"{""name"":""rect"",""x"":461,""y"":362,""width"":145,""height"":23}","{""label"":""lamp"",""occlusion"":""none""}"
2-0-2.jpg,222149,{},8,3,"{""name"":""rect"",""x"":572,""y"":439,""width"":52,""height"":81}","{""label"":""window"",""occlusion"":""partial""}"
2-0-2.jpg,222149,{},8,4,"{""name"":""rect"",""x"":502,""y"":438,""width"":59,""height"":85}","{""label"":""window"",""occlusion"":""partial""}"
2-0-2.jpg,222149,{},8,5,"{""name"":""rect"",""x"":775,""y"":155,""width"":87,""height"":47}","{""label"":""sign"",""occlusion"":""none""}"
2-0-2.jpg,222149,{},8,6,"{""name"":""rect"",""x"":667,""y"":445,""width"":16,""height"":76}","{""label"":""bag"",""occlusion"":""partial""}"
2-0-2.jpg,222149,{},8,7,"{""name"":""rect"",""x"":286,""y"":77,""width"":89,""height"":444}","{""label"":""door"",""occlusion"":""severe""}"
2-1-0.jpg,425001,{},5,0,"{""name"":""rect"",""x"":755,""y"":1,""width"":121,""height"":247}","{""label"":""door"",""occlusion"":""partial""}"
2-1-0.jpg,425001,{},5,1,"{""name"":""rect"",""x"":545,""y"":1,""width"":97,""height"":86}","{""label"":""door"",""occlusion"":""partial""}"
2-1-0.jpg,425001,{},5,2,"{""name"":""rect"",""x"":447,""y"":2,""width"":98,""height"":87}","{""label"":""door"",""occlusion"":""partial""}"
2-1-0.jpg,425001,{},5,3,"{""name"":""rect"",""x"":228,""y"":68,""width"":89,""height"":70}","{""label"":""ottoman"",""occlusion"":""partial""}"
2-1-0.jpg,425001,{},5,4,"{""name"":""rect"",""x"":213,""y"":0,""width"":34,""height"":58}","{""label"":""t-shirt"",""occlusion"":""severe""}"
2-1-1.jpg,288994,{},14,0,"{""name"":""rect"",""x"":517,""y"":87,""width"":51,""height"":69}","{""label"":""lamp"",""occlusion"":""none""}"
2-1-1.jpg,288994,{},14,1,"{""name"":""rect"",""x"":547,""y"":190,""width"":87,""height"":204}","{""label"":""door"",""occlusion"":""none""}"
2-1-1.jpg,288994,{},14,2,"{""name"":""rect"",""x"":458,""y"":191,""width"":85,""height"":203}","{""label"":""door"",""occlusion"":""none""}"
2-1-1.jpg,288994,{},14,3,"{""name"":""rect"",""x"":749,""y"":2,""width"":96,""height"":518}","{""label"":""door"",""occlusion"":""partial""}"
2-1-1.jpg,288994,{},14,4,"{""name"":""rect"",""x"":252,""y"":374,""width"":75,""height"":65}","{""label"":""ottoman"",""occlusion"":""partial""}"
2-1-1.jpg,288994,{},14,5,"{""name"":""rect"",""x"":277,""y"":203,""width"":48,""height"":48}","{""label"":""painting"",""occlusion"":""partial""}"
2-1-1.jpg,288994,{},14,6,"{""name"":""rect"",""x"":251,""y"":284,""width"":27,""height"":76}","{""label"":""t-shirt"",""occlusion"":""partial""}"
2-1-1.jpg,288994,{},14,7,"{""name"":""rect"",""x"":387,""y"":167,""width"":46,""height"":162}","{""label"":""notice_board"",""occlusion"":""none""}"
2-1-1.jpg,288994,{},14,8,"{""name"":""rect"",""x"":812,""y"":260,""width"":33,""height"":17}","{""label"":""door_handle"",""occlusion"":""partial""}"
2-1-1.jpg,288994,{},14,9,"{""name"":""rect"",""x"":835,""y"":45,""width"":35,""height"":52}","{""label"":""sign"",""occlusion"":""none""}"
2-1-1.jpg,288994,{},14,10,"{""name"":""rect"",""x"":549,""y"":258,""width"":11,""height"":41}","{""label"":""door_handle"",""occlusion"":""none""}"
2-1-1.jpg,288994,{},14,11,"{""name"":""rect"",""x"":526,""y"":166,""width"":30,""height"":16}","{""label"":""sign"",""occlusion"":""none""}"
2-1-1.jpg,288994,{},14,12,"{""name"":""rect"",""x"":348,""y"":156,""width"":15,""height"":24}","{""label"":""sign"",""occlusion"":""none""}"
2-1-1.jpg,288994,{},14,13,"{""name"":""rect"",""x"":595,""y"":220,""width"":17,""height"":12}","{""label"":""sign"",""occlusion"":""none""}"
2-1-2.jpg,221967,{},12,0,"{""name"":""rect"",""x"":488,""y"":1,""width"":115,""height"":83}","{""label"":""lamp"",""occlusion"":""partial""}"
2-1-2.jpg,221967,{},12,1,"{""name"":""rect"",""x"":520,""y"":346,""width"":46,""height"":58}","{""label"":""lamp"",""occlusion"":""none""}"
2-1-2.jpg,221967,{},12,2,"{""name"":""rect"",""x"":730,""y"":223,""width"":121,""height"":296}","{""label"":""door"",""occlusion"":""partial""}"
2-1-2.jpg,221967,{},12,3,"{""name"":""rect"",""x"":548,""y"":443,""width"":86,""height"":77}","{""label"":""door"",""occlusion"":""partial""}"
2-1-2.jpg,221967,{},12,4,"{""name"":""rect"",""x"":456,""y"":443,""width"":89,""height"":79}","{""label"":""door"",""occlusion"":""partial""}"
2-1-2.jpg,221967,{},12,5,"{""name"":""rect"",""x"":381,""y"":423,""width"":50,""height"":99}","{""label"":""notice_board"",""occlusion"":""partial""}"
2-1-2.jpg,221967,{},12,6,"{""name"":""rect"",""x"":267,""y"":457,""width"":60,""height"":48}","{""label"":""painting"",""occlusion"":""partial""}"
2-1-2.jpg,221967,{},12,7,"{""name"":""rect"",""x"":817,""y"":307,""width"":31,""height"":47}","{""label"":""sign"",""occlusion"":""none""}"
2-1-2.jpg,221967,{},12,8,"{""name"":""rect"",""x"":2,""y"":77,""width"":57,""height"":93}","{""label"":""sign"",""occlusion"":""partial""}"
2-1-2.jpg,221967,{},12,9,"{""name"":""rect"",""x"":348,""y"":410,""width"":17,""height"":25}","{""label"":""sign"",""occlusion"":""none""}"
2-1-2.jpg,221967,{},12,10,"{""name"":""rect"",""x"":527,""y"":416,""width"":29,""height"":19}","{""label"":""sign"",""occlusion"":""none""}"
2-1-2.jpg,221967,{},12,11,"{""name"":""rect"",""x"":597,""y"":475,""width"":17,""height"":11}","{""label"":""sign"",""occlusion"":""none""}"
2-2-0.jpg,374871,{},1,0,"{""name"":""rect"",""x"":280,""y"":0,""width"":467,""height"":377}","{""label"":""door"",""occlusion"":""partial""}"
2-2-1.jpg,257186,{},2,0,"{""name"":""rect"",""x"":329,""y"":0,""width"":433,""height"":520}","{""label"":""door"",""occlusion"":""partial""}"
2-2-1.jpg,257186,{},2,1,"{""name"":""rect"",""x"":667,""y"":233,""width"":80,""height"":83}","{""label"":""door_handle"",""occlusion"":""none""}"
2-2-2.jpg,196066,{},3,0,"{""name"":""rect"",""x"":335,""y"":97,""width"":380,""height"":425}","{""label"":""door"",""occlusion"":""partial""}"
2-2-2.jpg,196066,{},3,1,"{""name"":""rect"",""x"":716,""y"":237,""width"":68,""height"":41}","{""label"":""sign"",""occlusion"":""none""}"
2-2-2.jpg,196066,{},3,2,"{""name"":""rect"",""x"":635,""y"":487,""width"":73,""height"":35}","{""label"":""door_handle"",""occlusion"":""partial""}"
2-3-0.jpg,226039,{},2,0,"{""name"":""rect"",""x"":379,""y"":0,""width"":30,""height"":112}","{""label"":""door"",""occlusion"":""partial""}"
2-3-0.jpg,226039,{},2,1,"{""name"":""rect"",""x"":653,""y"":0,""width"":24,""height"":109}","{""label"":""door"",""occlusion"":""partial""}"
2-3-1.jpg,249509,{},11,0,"{""name"":""rect"",""x"":483,""y"":0,""width"":67,""height"":98}","{""label"":""lamp"",""occlusion"":""partial""}"
2-3-1.jpg,249509,{},11,1,"{""name"":""rect"",""x"":522,""y"":162,""width"":28,""height"":29}","{""label"":""lamp"",""occlusion"":""none""}"
2-3-1.jpg,249509,{},11,2,"{""name"":""rect"",""x"":520,""y"":255,""width"":54,""height"":35}","{""label"":""window"",""occlusion"":""none""}"
2-3-1.jpg,249509,{},11,3,"{""name"":""rect"",""x"":433,""y"":181,""width"":19,""height"":102}","{""label"":""notice_board"",""occlusion"":""none""}"
2-3-1.jpg,249509,{},11,4,"{""name"":""rect"",""x"":397,""y"":125,""width"":24,""height"":287}","{""label"":""door"",""occlusion"":""none""}"
2-3-1.jpg,249509,{},11,5,"{""name"":""rect"",""x"":649,""y"":127,""width"":13,""height"":279}","{""label"":""door"",""occlusion"":""none""}"
2-3-1.jpg,249509,{},11,6,"{""name"":""rect"",""x"":677,""y"":41,""width"":53,""height"":235}","{""label"":""notice_board"",""occlusion"":""none""}"
2-3-1.jpg,249509,{},11,7,"{""name"":""rect"",""x"":593,""y"":200,""width"":17,""height"":17}","{""label"":""sign"",""occlusion"":""none""}"
2-3-1.jpg,249509,{},11,8,"{""name"":""rect"",""x"":414,""y"":272,""width"":11,""height"":27}","{""label"":""door_handle"",""occlusion"":""none""}"
2-3-1.jpg,249509,{},11,9,"{""name"":""rect"",""x"":532,""y"":208,""width"":19,""height"":16}","{""label"":""lamp"",""occlusion"":""none""}"
2-3-1.jpg,249509,{},11,10,"{""name"":""rect"",""x"":478,""y"":128,""width"":106,""height"":23}","{""label"":""sign"",""occlusion"":""none""}"
2-3-2.jpg,198443,{},10,0,"{""name"":""rect"",""x"":486,""y"":255,""width"":63,""height"":98}","{""label"":""lamp"",""occlusion"":""none""}"
2-3-2.jpg,198443,{},10,1,"{""name"":""rect"",""x"":673,""y"":306,""width"":70,""height"":214}","{""label"":""notice_board"",""occlusion"":""none""}"
2-3-2.jpg,198443,{},10,2,"{""name"":""rect"",""x"":523,""y"":415,""width"":31,""height"":30}","{""label"":""lamp"",""occlusion"":""none""}"
2-3-2.jpg,198443,{},10,3,"{""name"":""rect"",""x"":392,""y"":380,""width"":34,""height"":142}","{""label"":""door"",""occlusion"":""partial""}"
2-3-2.jpg,198443,{},10,4,"{""name"":""rect"",""x"":512,""y"":503,""width"":67,""height"":19}","{""label"":""window"",""occlusion"":""severe""}"
2-3-2.jpg,198443,{},10,5,"{""name"":""rect"",""x"":479,""y"":382,""width"":106,""height"":24}","{""label"":""sign"",""occlusion"":""none""}"
2-3-2.jpg,198443,{},10,6,"{""name"":""rect"",""x"":596,""y"":454,""width"":18,""height"":17}","{""label"":""sign"",""occlusion"":""none""}"
2-3-2.jpg,198443,{},10,7,"{""name"":""rect"",""x"":532,""y"":462,""width"":22,""height"":21}","{""label"":""lamp"",""occlusion"":""none""}"
2-3-2.jpg,198443,{},10,8,"{""name"":""rect"",""x"":649,""y"":380,""width"":25,""height"":143}","{""label"":""door"",""occlusion"":""partial""}"
2-3-2.jpg,198443,{},10,9,"{""name"":""rect"",""x"":431,""y"":433,""width"":24,""height"":88}","{""label"":""notice_board"",""occlusion"":""partial""}"
3-0-0.jpg,404828,{},13,0,"{""name"":""rect"",""x"":289,""y"":0,""width"":131,""height"":181}","{""label"":""bookshelf"",""occlusion"":""partial""}"
3-0-0.jpg,404828,{},13,1,"{""name"":""rect"",""x"":416,""y"":96,""width"":16,""height"":25}","{""label"":""ball"",""occlusion"":""partial""}"
3-0-0.jpg,404828,{},13,2,"{""name"":""rect"",""x"":286,""y"":201,""width"":48,""height"":42}","{""label"":""shoes"",""occlusion"":""partial""}"
3-0-0.jpg,404828,{},13,3,"{""name"":""rect"",""x"":529,""y"":0,""width"":85,""height"":123}","{""label"":""chair"",""occlusion"":""partial""}"
3-0-0.jpg,404828,{},13,4,"{""name"":""rect"",""x"":491,""y"":11,""width"":169,""height"":100}","{""label"":""desk"",""occlusion"":""partial""}"
3-0-0.jpg,404828,{},13,5,"{""name"":""rect"",""x"":588,""y"":70,""width"":180,""height"":98}","{""label"":""table"",""occlusion"":""partial""}"
3-0-0.jpg,404828,{},13,6,"{""name"":""rect"",""x"":668,""y"":40,""width"":31,""height"":46}","{""label"":""vase"",""occlusion"":""none""}"
3-0-0.jpg,404828,{},13,7,"{""name"":""rect"",""x"":607,""y"":73,""width"":45,""height"":27}","{""label"":""headphones"",""occlusion"":""none""}"
3-0-0.jpg,404828,{},13,8,"{""name"":""rect"",""x"":735,""y"":77,""width"":17,""height"":17}","{""label"":""rubiks_cube"",""occlusion"":""none""}"
3-0-0.jpg,404828,{},13,9,"{""name"":""rect"",""x"":637,""y"":77,""width"":48,""height"":17}","{""label"":""book"",""occlusion"":""partial""}"
3-0-0.jpg,404828,{},13,10,"{""name"":""rect"",""x"":718,""y"":67,""width"":21,""height"":16}","{""label"":""cup"",""occlusion"":""none""}"
3-0-0.jpg,404828,{},13,11,"{""name"":""rect"",""x"":690,""y"":56,""width"":29,""height"":25}","{""label"":""teapot"",""occlusion"":""none""}"
3-0-0.jpg,404828,{},13,12,"{""name"":""rect"",""x"":506,""y"":4,""width"":13,""height"":18}","{""label"":""apple"",""occlusion"":""none""}"
3-0-1.jpg,258833,{},22,0,"{""name"":""rect"",""x"":454,""y"":87,""width"":148,""height"":24}","{""label"":""lamp"",""occlusion"":""none""}"
3-0-1.jpg,258833,{},22,1,"{""name"":""rect"",""x"":317,""y"":111,""width"":110,""height"":340}","{""label"":""bookshelf"",""occlusion"":""none""}"
3-0-1.jpg,258833,{},22,2,"{""name"":""rect"",""x"":554,""y"":162,""width"":65,""height"":120}","{""label"":""window"",""occlusion"":""partial""}"
3-0-1.jpg,258833,{},22,3,"{""name"":""rect"",""x"":441,""y"":162,""width"":69,""height"":123}","{""label"":""window"",""occlusion"":""none""}"
3-0-1.jpg,258833,{},22,4,"{""name"":""rect"",""x"":704,""y"":89,""width"":39,""height"":24}","{""label"":""lamp"",""occlusion"":""partial""}"
3-0-1.jpg,258833,{},22,5,"{""name"":""rect"",""x"":587,""y"":342,""width"":158,""height"":96}","{""label"":""table"",""occlusion"":""partial""}"
3-0-1.jpg,258833,{},22,6,"{""name"":""rect"",""x"":499,""y"":296,""width"":149,""height"":86}","{""label"":""desk"",""occlusion"":""partial""}"
3-0-1.jpg,258833,{},22,7,"{""name"":""rect"",""x"":535,""y"":271,""width"":76,""height"":119}","{""label"":""chair"",""occlusion"":""partial""}"
3-0-1.jpg,258833,{},22,8,"{""name"":""rect"",""x"":660,""y"":319,""width"":29,""height"":42}","{""label"":""vase"",""occlusion"":""none""}"
3-0-1.jpg,258833,{},22,9,"{""name"":""rect"",""x"":607,""y"":348,""width"":44,""height"":27}","{""label"":""headphones"",""occlusion"":""none""}"
3-0-1.jpg,258833,{},22,10,"{""name"":""rect"",""x"":385,""y"":74,""width"":19,""height"":45}","{""label"":""wine_bottle"",""occlusion"":""partial""}"
3-0-1.jpg,258833,{},22,11,"{""name"":""rect"",""x"":425,""y"":364,""width"":12,""height"":28}","{""label"":""ball"",""occlusion"":""partial""}"
3-0-1.jpg,258833,{},22,12,"{""name"":""rect"",""x"":391,""y"":197,""width"":23,""height"":35}","{""label"":""robot"",""occlusion"":""severe""}"
3-0-1.jpg,258833,{},22,13,"{""name"":""rect"",""x"":607,""y"":260,""width"":15,""height"":42}","{""label"":""wine_bottle"",""occlusion"":""none""}"
3-0-1.jpg,258833,{},22,14,"{""name"":""rect"",""x"":607,""y"":265,""width"":13,""height"":34}","{""label"":""wine_bottle"",""occlusion"":""none""}"
3-0-1.jpg,258833,{},22,15,"{""name"":""rect"",""x"":617,""y"":272,""width"":18,""height"":28}","{""label"":""wine_glass"",""occlusion"":""none""}"
3-0-1.jpg,258833,{},22,16,"{""name"":""rect"",""x"":510,""y"":287,""width"":12,""height"":17}","{""label"":""apple"",""occlusion"":""none""}"
3-0-1.jpg,258833,{},22,17,"{""name"":""rect"",""x"":726,""y"":351,""width"":13,""height"":16}","{""label"":""rubiks_cube"",""occlusion"":""none""}"
3-0-1.jpg,258833,{},22,18,"{""name"":""rect"",""x"":680,""y"":330,""width"":29,""height"":23}","{""label"":""teapot"",""occlusion"":""none""}"
3-0-1.jpg,258833,{},22,19,"{""name"":""rect"",""x"":703,""y"":336,""width"":25,""height"":22}","{""label"":""cup"",""occlusion"":""none""}"
3-0-1.jpg,258833,{},22,20,"{""name"":""rect"",""x"":297,""y"":464,""width"":37,""height"":46}","{""label"":""shoes"",""occlusion"":""partial""}"
3-0-1.jpg,258833,{},22,21,"{""name"":""rect"",""x"":629,""y"":348,""width"":51,""height"":21}","{""label"":""book"",""occlusion"":""partial""}"
3-0-2.jpg,202116,{},11,0,"{""name"":""rect"",""x"":412,""y"":227,""width"":231,""height"":30}","{""label"":""lamp"",""occlusion"":""none""}"
3-0-2.jpg,202116,{},11,1,"{""name"":""rect"",""x"":461,""y"":358,""width"":139,""height"":16}","{""label"":""lamp"",""occlusion"":""none""}"
3-0-2.jpg,202116,{},11,2,"{""name"":""rect"",""x"":700,""y"":357,""width"":28,""height"":19}","{""label"":""lamp"",""occlusion"":""partial""}"
3-0-2.jpg,202116,{},11,3,"{""name"":""rect"",""x"":560,""y"":432,""width"":59,""height"":88}","{""label"":""window"",""occlusion"":""partial""}"
3-0-2.jpg,202116,{},11,4,"{""name"":""rect"",""x"":442,""y"":429,""width"":65,""height"":91}","{""label"":""window"",""occlusion"":""partial""}"
3-0-2.jpg,202116,{},11,5,"{""name"":""rect"",""x"":310,""y"":377,""width"":122,""height"":143}","{""label"":""bookshelf"",""occlusion"":""partial""}"
3-0-2.jpg,202116,{},11,6,"{""name"":""rect"",""x"":745,""y"":166,""width"":82,""height"":47}","{""label"":""sign"",""occlusion"":""none""}"
3-0-2.jpg,202116,{},11,7,"{""name"":""rect"",""x"":385,""y"":464,""width"":24,""height"":31}","{""label"":""robot"",""occlusion"":""severe""}"
3-0-2.jpg,202116,{},11,8,"{""name"":""rect"",""x"":391,""y"":341,""width"":21,""height"":48}","{""label"":""wine_bottle"",""occlusion"":""partial""}"
3-0-2.jpg,202116,{},11,9,"{""name"":""rect"",""x"":1033,""y"":131,""width"":47,""height"":148}","{""label"":""notice_board"",""occlusion"":""severe""}"
3-0-2.jpg,202116,{},11,10,"{""name"":""rect"",""x"":262,""y"":83,""width"":100,""height"":437}","{""label"":""door"",""occlusion"":""severe""}"
3-1-0.jpg,283563,{},3,0,"{""name"":""rect"",""x"":540,""y"":1,""width"":142,""height"":156}","{""label"":""door"",""occlusion"":""partial""}"
3-1-0.jpg,283563,{},3,1,"{""name"":""rect"",""x"":383,""y"":2,""width"":152,""height"":157}","{""label"":""door"",""occlusion"":""partial""}"
3-1-0.jpg,283563,{},3,2,"{""name"":""rect"",""x"":46,""y"":0,""width"":239,""height"":58}","{""label"":""notice_board"",""occlusion"":""severe""}"
3-1-1.jpg,260520,{},7,0,"{""name"":""rect"",""x"":104,""y"":1,""width"":212,""height"":347}","{""label"":""notice_board"",""occlusion"":""partial""}"
3-1-1.jpg,260520,{},7,1,"{""name"":""rect"",""x"":393,""y"":109,""width"":143,""height"":348}","{""label"":""door"",""occlusion"":""none""}"
3-1-1.jpg,260520,{},7,2,"{""name"":""rect"",""x"":535,""y"":110,""width"":150,""height"":347}","{""label"":""door"",""occlusion"":""none""}"
3-1-1.jpg,260520,{},7,3,"{""name"":""rect"",""x"":541,""y"":221,""width"":21,""height"":68}","{""label"":""door_handle"",""occlusion"":""none""}"
3-1-1.jpg,260520,{},7,4,"{""name"":""rect"",""x"":506,""y"":56,""width"":48,""height"":30}","{""label"":""sign"",""occlusion"":""none""}"
3-1-1.jpg,260520,{},7,5,"{""name"":""rect"",""x"":612,""y"":187,""width"":23,""height"":18}","{""label"":""sign"",""occlusion"":""none""}"
3-1-1.jpg,260520,{},7,6,"{""name"":""rect"",""x"":711,""y"":155,""width"":15,""height"":53}","{""label"":""sign"",""occlusion"":""none""}"
3-1-2.jpg,213252,{},8,0,"{""name"":""rect"",""x"":457,""y"":42,""width"":108,""height"":212}","{""label"":""lamp"",""occlusion"":""none""}"
3-1-2.jpg,213252,{},8,1,"{""name"":""rect"",""x"":92,""y"":213,""width"":235,""height"":307}","{""label"":""notice_board"",""occlusion"":""partial""}"
3-1-2.jpg,213252,{},8,2,"{""name"":""rect"",""x"":540,""y"":354,""width"":128,""height"":168}","{""label"":""door"",""occlusion"":""partial""}"
3-1-2.jpg,213252,{},8,3,"{""name"":""rect"",""x"":402,""y"":356,""width"":134,""height"":166}","{""label"":""door"",""occlusion"":""partial""}"
3-1-2.jpg,213252,{},8,4,"{""name"":""rect"",""x"":506,""y"":306,""width"":50,""height"":25}","{""label"":""sign"",""occlusion"":""none""}"
3-1-2.jpg,213252,{},8,5,"{""name"":""rect"",""x"":614,""y"":426,""width"":22,""height"":18}","{""label"":""sign"",""occlusion"":""none""}"
3-1-2.jpg,213252,{},8,6,"{""name"":""rect"",""x"":708,""y"":392,""width"":19,""height"":56}","{""label"":""sign"",""occlusion"":""none""}"
3-1-2.jpg,213252,{},8,7,"{""name"":""rect"",""x"":543,""y"":462,""width"":21,""height"":60}","{""label"":""door_handle"",""occlusion"":""partial""}"
3-2-0.jpg,375238,{},1,0,"{""name"":""rect"",""x"":310,""y"":2,""width"":418,""height"":350}","{""label"":""door"",""occlusion"":""partial""}"
3-2-1.jpg,250567,{},2,0,"{""name"":""rect"",""x"":343,""y"":1,""width"":363,""height"":519}","{""label"":""door"",""occlusion"":""partial""}"
3-2-1.jpg,250567,{},2,1,"{""name"":""rect"",""x"":629,""y"":232,""width"":70,""height"":70}","{""label"":""door_handle"",""occlusion"":""none""}"
3-2-2.jpg,212650,{},3,0,"{""name"":""rect"",""x"":334,""y"":111,""width"":377,""height"":410}","{""label"":""door"",""occlusion"":""partial""}"
3-2-2.jpg,212650,{},3,1,"{""name"":""rect"",""x"":633,""y"":491,""width"":68,""height"":29}","{""label"":""door_handle"",""occlusion"":""partial""}"
3-2-2.jpg,212650,{},3,2,"{""name"":""rect"",""x"":712,""y"":244,""width"":69,""height"":45}","{""label"":""sign"",""occlusion"":""none""}"
3-3-0.jpg,83758,{},2,0,"{""name"":""rect"",""x"":721,""y"":0,""width"":102,""height"":207}","{""label"":""door"",""occlusion"":""partial""}"
3-3-0.jpg,83758,{},2,1,"{""name"":""rect"",""x"":169,""y"":0,""width"":131,""height"":271}","{""label"":""door"",""occlusion"":""partial""}"
3-3-1.jpg,45018,{},12,0,"{""name"":""rect"",""x"":725,""y"":69,""width"":67,""height"":423}","{""label"":""door"",""occlusion"":""partial""}"
3-3-1.jpg,45018,{},12,1,"{""name"":""rect"",""x"":210,""y"":2,""width"":95,""height"":518}","{""label"":""door"",""occlusion"":""partial""}"
3-3-1.jpg,45018,{},12,2,"{""name"":""rect"",""x"":495,""y"":143,""width"":36,""height"":39}","{""label"":""lamp"",""occlusion"":""none""}"
3-3-1.jpg,45018,{},12,3,"{""name"":""rect"",""x"":607,""y"":171,""width"":21,""height"":118}","{""label"":""notice_board"",""occlusion"":""none""}"
3-3-1.jpg,45018,{},12,4,"{""name"":""rect"",""x"":498,""y"":267,""width"":50,""height"":34}","{""label"":""window"",""occlusion"":""none""}"
3-3-1.jpg,45018,{},12,5,"{""name"":""rect"",""x"":507,""y"":209,""width"":21,""height"":18}","{""label"":""lamp"",""occlusion"":""none""}"
3-3-1.jpg,45018,{},12,6,"{""name"":""rect"",""x"":284,""y"":269,""width"":21,""height"":40}","{""label"":""door_handle"",""occlusion"":""none""}"
3-3-1.jpg,45018,{},12,7,"{""name"":""rect"",""x"":315,""y"":152,""width"":17,""height"":30}","{""label"":""sign"",""occlusion"":""none""}"
3-3-1.jpg,45018,{},12,8,"{""name"":""rect"",""x"":560,""y"":229,""width"":13,""height"":14}","{""label"":""sign"",""occlusion"":""none""}"
3-3-1.jpg,45018,{},12,9,"{""name"":""rect"",""x"":482,""y"":190,""width"":71,""height"":18}","{""label"":""sign"",""occlusion"":""none""}"
3-3-1.jpg,45018,{},12,10,"{""name"":""rect"",""x"":512,""y"":236,""width"":17,""height"":12}","{""label"":""lamp"",""occlusion"":""none""}"
3-3-1.jpg,45018,{},12,11,"{""name"":""rect"",""x"":792,""y"":44,""width"":31,""height"":53}","{""label"":""sign"",""occlusion"":""none""}"
3-3-2.jpg,35036,{},8,0,"{""name"":""rect"",""x"":448,""y"":83,""width"":100,""height"":194}","{""label"":""lamp"",""occlusion"":""none""}"
3-3-2.jpg,35036,{},8,1,"{""name"":""rect"",""x"":719,""y"":330,""width"":82,""height"":191}","{""label"":""door"",""occlusion"":""partial""}"
3-3-2.jpg,35036,{},8,2,"{""name"":""rect"",""x"":200,""y"":225,""width"":126,""height"":296}","{""label"":""door"",""occlusion"":""partial""}"
3-3-2.jpg,35036,{},8,3,"{""name"":""rect"",""x"":497,""y"":394,""width"":37,""height"":42}","{""label"":""lamp"",""occlusion"":""none""}"
3-3-2.jpg,35036,{},8,4,"{""name"":""rect"",""x"":776,""y"":312,""width"":26,""height"":44}","{""label"":""sign"",""occlusion"":""none""}"
3-3-2.jpg,35036,{},8,5,"{""name"":""rect"",""x"":315,""y"":408,""width"":21,""height"":23}","{""label"":""sign"",""occlusion"":""none""}"
3-3-2.jpg,35036,{},8,6,"{""name"":""rect"",""x"":562,""y"":485,""width"":13,""height"":14}","{""label"":""sign"",""occlusion"":""none""}"
3-3-2.jpg,35036,{},8,7,"{""name"":""rect"",""x"":484,""y"":446,""width"":70,""height"":19}","{""label"":""sign"",""occlusion"":""none""}"
4-0-0.jpg,266637,{},19,0,"{""name"":""rect"",""x"":0,""y"":22,""width"":41,""height"":77}","{""label"":""vase"",""occlusion"":""severe""}"
4-0-0.jpg,266637,{},19,1,"{""name"":""rect"",""x"":456,""y"":15,""width"":22,""height"":17}","{""label"":""rubiks_cube"",""occlusion"":""none""}"
4-0-0.jpg,266637,{},19,2,"{""name"":""rect"",""x"":421,""y"":12,""width"":17,""height"":22}","{""label"":""apple"",""occlusion"":""none""}"
4-0-0.jpg,266637,{},19,3,"{""name"":""rect"",""x"":603,""y"":0,""width"":19,""height"":28}","{""label"":""wine_bottle"",""occlusion"":""partial""}"
4-0-0.jpg,266637,{},19,4,"{""name"":""rect"",""x"":625,""y"":1,""width"":21,""height"":28}","{""label"":""wine_glass"",""occlusion"":""partial""}"
4-0-0.jpg,266637,{},19,5,"{""name"":""rect"",""x"":787,""y"":133,""width"":58,""height"":44}","{""label"":""teapot"",""occlusion"":""partial""}"
4-0-0.jpg,266637,{},19,6,"{""name"":""rect"",""x"":844,""y"":155,""width"":51,""height"":31}","{""label"":""cup"",""occlusion"":""none""}"
4-0-0.jpg,266637,{},19,7,"{""name"":""rect"",""x"":944,""y"":220,""width"":45,""height"":39}","{""label"":""rubiks_cube"",""occlusion"":""none""}"
4-0-0.jpg,266637,{},19,8,"{""name"":""rect"",""x"":621,""y"":213,""width"":117,""height"":60}","{""label"":""headphones"",""occlusion"":""none""}"
4-0-0.jpg,266637,{},19,9,"{""name"":""rect"",""x"":638,""y"":198,""width"":172,""height"":73}","{""label"":""book"",""occlusion"":""partial""}"
4-0-0.jpg,266637,{},19,10,"{""name"":""rect"",""x"":757,""y"":114,""width"":70,""height"":98}","{""label"":""vase"",""occlusion"":""none""}"
4-0-0.jpg,266637,{},19,11,"{""name"":""rect"",""x"":815,""y"":2,""width"":75,""height"":148}","{""label"":""robot"",""occlusion"":""partial""}"
4-0-0.jpg,266637,{},19,12,"{""name"":""rect"",""x"":937,""y"":58,""width"":143,""height"":194}","{""label"":""sofa"",""occlusion"":""partial""}"
4-0-0.jpg,266637,{},19,13,"{""name"":""rect"",""x"":562,""y"":155,""width"":518,""height"":266}","{""label"":""table"",""occlusion"":""partial""}"
4-0-0.jpg,266637,{},19,14,"{""name"":""rect"",""x"":234,""y"":177,""width"":44,""height"":42}","{""label"":""ball"",""occlusion"":""none""}"
4-0-0.jpg,266637,{},19,15,"{""name"":""rect"",""x"":176,""y"":244,""width"":34,""height"":53}","{""label"":""shoes"",""occlusion"":""severe""}"
4-0-0.jpg,266637,{},19,16,"{""name"":""rect"",""x"":0,""y"":2,""width"":206,""height"":516}","{""label"":""bookshelf"",""occlusion"":""partial""}"
4-0-0.jpg,266637,{},19,17,"{""name"":""rect"",""x"":398,""y"":19,""width"":287,""height"":169}","{""label"":""desk"",""occlusion"":""partial""}"
4-0-0.jpg,266637,{},19,18,"{""name"":""rect"",""x"":471,""y"":0,""width"":139,""height"":206}","{""label"":""chair"",""occlusion"":""partial""}"
4-0-1.jpg,201321,{},23,0,"{""name"":""rect"",""x"":764,""y"":0,""width"":239,""height"":23}","{""label"":""lamp"",""occlusion"":""partial""}"
4-0-1.jpg,201321,{},23,1,"{""name"":""rect"",""x"":343,""y"":0,""width"":242,""height"":11}","{""label"":""lamp"",""occlusion"":""severe""}"
4-0-1.jpg,201321,{},23,2,"{""name"":""rect"",""x"":0,""y"":106,""width"":129,""height"":89}","{""label"":""robot"",""occlusion"":""partial""}"
4-0-1.jpg,201321,{},23,3,"{""name"":""rect"",""x"":0,""y"":34,""width"":15,""height"":34}","{""label"":""trophy"",""occlusion"":""severe""}"
4-0-1.jpg,201321,{},23,4,"{""name"":""rect"",""x"":29,""y"":275,""width"":57,""height"":103}","{""label"":""vase"",""occlusion"":""none""}"
4-0-1.jpg,201321,{},23,5,"{""name"":""rect"",""x"":1,""y"":0,""width"":189,""height"":520}","{""label"":""bookshelf"",""occlusion"":""partial""}"
4-0-1.jpg,201321,{},23,6,"{""name"":""rect"",""x"":237,""y"":464,""width"":44,""height"":45}","{""label"":""ball"",""occlusion"":""none""}"
4-0-1.jpg,201321,{},23,7,"{""name"":""rect"",""x"":348,""y"":126,""width"":87,""height"":167}","{""label"":""window"",""occlusion"":""none""}"
4-0-1.jpg,201321,{},23,8,"{""name"":""rect"",""x"":617,""y"":290,""width"":18,""height"":41}","{""label"":""wine_glass"",""occlusion"":""none""}"
4-0-1.jpg,201321,{},23,9,"{""name"":""rect"",""x"":599,""y"":275,""width"":18,""height"":54}","{""label"":""wine_bottle"",""occlusion"":""none""}"
4-0-1.jpg,201321,{},23,10,"{""name"":""rect"",""x"":471,""y"":317,""width"":12,""height"":15}","{""label"":""rubiks_cube"",""occlusion"":""none""}"
4-0-1.jpg,201321,{},23,11,"{""name"":""rect"",""x"":435,""y"":316,""width"":17,""height"":19}","{""label"":""apple"",""occlusion"":""none""}"
4-0-1.jpg,201321,{},23,12,"{""name"":""rect"",""x"":523,""y"":131,""width"":80,""height"":161}","{""label"":""window"",""occlusion"":""none""}"
4-0-1.jpg,201321,{},23,13,"{""name"":""rect"",""x"":835,""y"":443,""width"":53,""height"":34}","{""label"":""cup"",""occlusion"":""none""}"
4-0-1.jpg,201321,{},23,14,"{""name"":""rect"",""x"":780,""y"":422,""width"":59,""height"":48}","{""label"":""teapot"",""occlusion"":""partial""}"
4-0-1.jpg,201321,{},23,15,"{""name"":""rect"",""x"":947,""y"":503,""width"":40,""height"":17}","{""label"":""rubiks_cube"",""occlusion"":""severe""}"
4-0-1.jpg,201321,{},23,16,"{""name"":""rect"",""x"":929,""y"":319,""width"":151,""height"":190}","{""label"":""sofa"",""occlusion"":""partial""}"
4-0-1.jpg,201321,{},23,17,"{""name"":""rect"",""x"":634,""y"":492,""width"":173,""height"":28}","{""label"":""book"",""occlusion"":""partial""}"
4-0-1.jpg,201321,{},23,18,"{""name"":""rect"",""x"":755,""y"":405,""width"":65,""height"":98}","{""label"":""vase"",""occlusion"":""none""}"
4-0-1.jpg,201321,{},23,19,"{""name"":""rect"",""x"":793,""y"":291,""width"":75,""height"":154}","{""label"":""robot"",""occlusion"":""partial""}"
4-0-1.jpg,201321,{},23,20,"{""name"":""rect"",""x"":565,""y"":450,""width"":458,""height"":73}","{""label"":""table"",""occlusion"":""partial""}"
4-0-1.jpg,201321,{},23,21,"{""name"":""rect"",""x"":411,""y"":324,""width"":266,""height"":154}","{""label"":""desk"",""occlusion"":""partial""}"
4-0-1.jpg,201321,{},23,22,"{""name"":""rect"",""x"":467,""y"":281,""width"":140,""height"":215}","{""label"":""chair"",""occlusion"":""partial""}"
4-0-2.jpg,175956,{},10,0,"{""name"":""rect"",""x"":740,""y"":248,""width"":223,""height"":41}","{""label"":""lamp"",""occlusion"":""none""}"
4-0-2.jpg,175956,{},10,1,"{""name"":""rect"",""x"":354,""y"":238,""width"":231,""height"":41}","{""label"":""lamp"",""occlusion"":""none""}"
4-0-2.jpg,175956,{},10,2,"{""name"":""rect"",""x"":1051,""y"":331,""width"":29,""height"":123}","{""label"":""painting"",""occlusion"":""severe""}"
4-0-2.jpg,175956,{},10,3,"{""name"":""rect"",""x"":127,""y"":99,""width"":45,""height"":75}","{""label"":""wine_bottle"",""occlusion"":""partial""}"
4-0-2.jpg,175956,{},10,4,"{""name"":""rect"",""x"":520,""y"":382,""width"":82,""height"":139}","{""label"":""window"",""occlusion"":""partial""}"
4-0-2.jpg,175956,{},10,5,"{""name"":""rect"",""x"":342,""y"":385,""width"":96,""height"":137}","{""label"":""window"",""occlusion"":""partial""}"
4-0-2.jpg,175956,{},10,6,"{""name"":""rect"",""x"":27,""y"":231,""width"":31,""height"":25}","{""label"":""rubiks_cube"",""occlusion"":""partial""}"
4-0-2.jpg,175956,{},10,7,"{""name"":""rect"",""x"":0,""y"":283,""width"":53,""height"":87}","{""label"":""trophy"",""occlusion"":""partial""}"
4-0-2.jpg,175956,{},10,8,"{""name"":""rect"",""x"":6,""y"":331,""width"":144,""height"":116}","{""label"":""robot"",""occlusion"":""none""}"
4-0-2.jpg,175956,{},10,9,"{""name"":""rect"",""x"":2,""y"":93,""width"":230,""height"":427}","{""label"":""bookshelf"",""occlusion"":""partial""}"
4-1-0.jpg,410054,{},9,0,"{""name"":""rect"",""x"":936,""y"":301,""width"":39,""height"":45}","{""label"":""apple"",""occlusion"":""none""}"
4-1-0.jpg,410054,{},9,1,"{""name"":""rect"",""x"":812,""y"":142,""width"":268,""height"":374}","{""label"":""chair"",""occlusion"":""partial""}"
4-1-0.jpg,410054,{},9,2,"{""name"":""rect"",""x"":570,""y"":0,""width"":203,""height"":196}","{""label"":""chair"",""occlusion"":""partial""}"
4-1-0.jpg,410054,{},9,3,"{""name"":""rect"",""x"":474,""y"":137,""width"":230,""height"":168}","{""label"":""ottoman"",""occlusion"":""none""}"
4-1-0.jpg,410054,{},9,4,"{""name"":""rect"",""x"":332,""y"":0,""width"":108,""height"":114}","{""label"":""t-shirt"",""occlusion"":""partial""}"
4-1-0.jpg,410054,{},9,5,"{""name"":""rect"",""x"":192,""y"":128,""width"":79,""height"":28}","{""label"":""bag"",""occlusion"":""none""}"
4-1-0.jpg,410054,{},9,6,"{""name"":""rect"",""x"":23,""y"":60,""width"":34,""height"":42}","{""label"":""teddy_bear"",""occlusion"":""none""}"
4-1-0.jpg,410054,{},9,7,"{""name"":""rect"",""x"":0,""y"":248,""width"":114,""height"":259}","{""label"":""table"",""occlusion"":""partial""}"
4-1-0.jpg,410054,{},9,8,"{""name"":""rect"",""x"":2,""y"":33,""width"":325,""height"":209}","{""label"":""sofa"",""occlusion"":""partial""}"
4-1-1.jpg,199938,{},9,0,"{""name"":""rect"",""x"":985,""y"":428,""width"":94,""height"":92}","{""label"":""chair"",""occlusion"":""severe""}"
4-1-1.jpg,199938,{},9,1,"{""name"":""rect"",""x"":569,""y"":284,""width"":186,""height"":237}","{""label"":""chair"",""occlusion"":""partial""}"
4-1-1.jpg,199938,{},9,2,"{""name"":""rect"",""x"":476,""y"":431,""width"":225,""height"":92}","{""label"":""ottoman"",""occlusion"":""partial""}"
4-1-1.jpg,199938,{},9,3,"{""name"":""rect"",""x"":442,""y"":109,""width"":109,""height"":85}","{""label"":""painting"",""occlusion"":""none""}"
4-1-1.jpg,199938,{},9,4,"{""name"":""rect"",""x"":36,""y"":112,""width"":132,""height"":120}","{""label"":""painting"",""occlusion"":""none""}"
4-1-1.jpg,199938,{},9,5,"{""name"":""rect"",""x"":353,""y"":261,""width"":103,""height"":145}","{""label"":""t-shirt"",""occlusion"":""none""}"
4-1-1.jpg,199938,{},9,6,"{""name"":""rect"",""x"":206,""y"":411,""width"":77,""height"":35}","{""label"":""bag"",""occlusion"":""none""}"
4-1-1.jpg,199938,{},9,7,"{""name"":""rect"",""x"":48,""y"":337,""width"":34,""height"":40}","{""label"":""teddy_bear"",""occlusion"":""none""}"
4-1-1.jpg,199938,{},9,8,"{""name"":""rect"",""x"":0,""y"":331,""width"":333,""height"":184}","{""label"":""sofa"",""occlusion"":""partial""}"
4-1-2.jpg,120775,{},4,0,"{""name"":""rect"",""x"":440,""y"":371,""width"":114,""height"":86}","{""label"":""painting"",""occlusion"":""none""}"
4-1-2.jpg,120775,{},4,1,"{""name"":""rect"",""x"":28,""y"":364,""width"":146,""height"":110}","{""label"":""painting"",""occlusion"":""none""}"
4-1-2.jpg,120775,{},4,2,"{""name"":""rect"",""x"":1,""y"":203,""width"":47,""height"":54}","{""label"":""lamp"",""occlusion"":""severe""}"
4-1-2.jpg,120775,{},4,3,"{""name"":""rect"",""x"":361,""y"":59,""width"":94,""height"":196}","{""label"":""lamp"",""occlusion"":""none""}"
4-2-0.jpg,330129,{},4,0,"{""name"":""rect"",""x"":496,""y"":1,""width"":162,""height"":163}","{""label"":""door"",""occlusion"":""partial""}"
4-2-0.jpg,330129,{},4,1,"{""name"":""rect"",""x"":794,""y"":1,""width"":285,""height"":521}","{""label"":""door"",""occlusion"":""partial""}"
4-2-0.jpg,330129,{},4,2,"{""name"":""rect"",""x"":9,""y"":328,""width"":44,""height"":44}","{""label"":""apple"",""occlusion"":""none""}"
4-2-0.jpg,330129,{},4,3,"{""name"":""rect"",""x"":0,""y"":150,""width"":201,""height"":368}","{""label"":""chair"",""occlusion"":""partial""}"
4-2-1.jpg,167658,{},5,0,"{""name"":""rect"",""x"":670,""y"":154,""width"":34,""height"":23}","{""label"":""sign"",""occlusion"":""none""}"
4-2-1.jpg,167658,{},5,1,"{""name"":""rect"",""x"":1,""y"":433,""width"":154,""height"":88}","{""label"":""chair"",""occlusion"":""severe""}"
4-2-1.jpg,167658,{},5,2,"{""name"":""rect"",""x"":504,""y"":63,""width"":155,""height"":397}","{""label"":""door"",""occlusion"":""none""}"
4-2-1.jpg,167658,{},5,3,"{""name"":""rect"",""x"":625,""y"":264,""width"":33,""height"":36}","{""label"":""door_handle"",""occlusion"":""none""}"
4-2-1.jpg,167658,{},5,4,"{""name"":""rect"",""x"":821,""y"":1,""width"":258,""height"":518}","{""label"":""door"",""occlusion"":""partial""}"
4-2-2.jpg,185843,{},3,0,"{""name"":""rect"",""x"":667,""y"":408,""width"":34,""height"":28}","{""label"":""sign"",""occlusion"":""none""}"
4-2-2.jpg,185843,{},3,1,"{""name"":""rect"",""x"":503,""y"":327,""width"":163,""height"":194}","{""label"":""door"",""occlusion"":""partial""}"
4-2-2.jpg,185843,{},3,2,"{""name"":""rect"",""x"":752,""y"":4,""width"":328,""height"":518}","{""label"":""door"",""occlusion"":""partial""}"
4-3-0.jpg,347842,{},4,0,"{""name"":""rect"",""x"":1015,""y"":1,""width"":64,""height"":100}","{""label"":""robot"",""occlusion"":""partial""}"
4-3-0.jpg,347842,{},4,1,"{""name"":""rect"",""x"":501,""y"":351,""width"":94,""height"":80}","{""label"":""shoes"",""occlusion"":""none""}"
4-3-0.jpg,347842,{},4,2,"{""name"":""rect"",""x"":2,""y"":2,""width"":341,""height"":518}","{""label"":""door"",""occlusion"":""partial""}"
4-3-0.jpg,347842,{},4,3,"{""name"":""rect"",""x"":820,""y"":2,""width"":260,""height"":458}","{""label"":""bookshelf"",""occlusion"":""partial""}"
4-3-1.jpg,210859,{},7,0,"{""name"":""rect"",""x"":229,""y"":0,""width"":125,""height"":143}","{""label"":""bag"",""occlusion"":""partial""}"
4-3-1.jpg,210859,{},7,1,"{""name"":""rect"",""x"":1039,""y"":75,""width"":40,""height"":96}","{""label"":""robot"",""occlusion"":""severe""}"
4-3-1.jpg,210859,{},7,2,"{""name"":""rect"",""x"":972,""y"":25,""width"":73,""height"":144}","{""label"":""trophy"",""occlusion"":""none""}"
4-3-1.jpg,210859,{},7,3,"{""name"":""rect"",""x"":982,""y"":232,""width"":51,""height"":163}","{""label"":""robot"",""occlusion"":""partial""}"
4-3-1.jpg,210859,{},7,4,"{""name"":""rect"",""x"":848,""y"":1,""width"":230,""height"":519}","{""label"":""bookshelf"",""occlusion"":""partial""}"
4-3-1.jpg,210859,{},7,5,"{""name"":""rect"",""x"":0,""y"":2,""width"":314,""height"":518}","{""label"":""door"",""occlusion"":""partial""}"
4-3-1.jpg,210859,{},7,6,"{""name"":""rect"",""x"":222,""y"":229,""width"":83,""height"":82}","{""label"":""door_handle"",""occlusion"":""none""}"
4-3-2.jpg,189016,{},9,0,"{""name"":""rect"",""x"":948,""y"":51,""width"":53,""height"":75}","{""label"":""wine_bottle"",""occlusion"":""partial""}"
4-3-2.jpg,189016,{},9,1,"{""name"":""rect"",""x"":938,""y"":237,""width"":33,""height"":18}","{""label"":""rubiks_cube"",""occlusion"":""partial""}"
4-3-2.jpg,189016,{},9,2,"{""name"":""rect"",""x"":935,""y"":281,""width"":94,""height"":139}","{""label"":""trophy"",""occlusion"":""none""}"
4-3-2.jpg,189016,{},9,3,"{""name"":""rect"",""x"":1011,""y"":323,""width"":67,""height"":91}","{""label"":""robot"",""occlusion"":""partial""}"
4-3-2.jpg,189016,{},9,4,"{""name"":""rect"",""x"":984,""y"":481,""width"":46,""height"":37}","{""label"":""robot"",""occlusion"":""severe""}"
4-3-2.jpg,189016,{},9,5,"{""name"":""rect"",""x"":803,""y"":117,""width"":276,""height"":403}","{""label"":""bookshelf"",""occlusion"":""partial""}"
4-3-2.jpg,189016,{},9,6,"{""name"":""rect"",""x"":251,""y"":123,""width"":120,""height"":283}","{""label"":""bag"",""occlusion"":""none""}"
4-3-2.jpg,189016,{},9,7,"{""name"":""rect"",""x"":218,""y"":489,""width"":87,""height"":33}","{""label"":""door_handle"",""occlusion"":""partial""}"
4-3-2.jpg,189016,{},9,8,"{""name"":""rect"",""x"":1,""y"":0,""width"":363,""height"":520}","{""label"":""door"",""occlusion"":""partial""}"
5-0-0.jpg,314195,{},4,0,"{""name"":""rect"",""x"":537,""y"":48,""width"":51,""height"":51}","{""label"":""apple"",""occlusion"":""none""}"
5-0-0.jpg,314195,{},4,1,"{""name"":""rect"",""x"":612,""y"":41,""width"":39,""height"":34}","{""label"":""rubiks_cube"",""occlusion"":""none""}"
5-0-0.jpg,314195,{},4,2,"{""name"":""rect"",""x"":659,""y"":2,""width"":421,""height"":518}","{""label"":""chair"",""occlusion"":""partial""}"
5-0-0.jpg,314195,{},4,3,"{""name"":""rect"",""x"":459,""y"":59,""width"":472,""height"":449}","{""label"":""desk"",""occlusion"":""partial""}"
5-0-1.jpg,179950,{},6,0,"{""name"":""rect"",""x"":539,""y"":359,""width"":46,""height"":42}","{""label"":""apple"",""occlusion"":""none""}"
5-0-1.jpg,179950,{},6,1,"{""name"":""rect"",""x"":607,""y"":347,""width"":39,""height"":31}","{""label"":""rubiks_cube"",""occlusion"":""none""}"
5-0-1.jpg,179950,{},6,2,"{""name"":""rect"",""x"":689,""y"":0,""width"":171,""height"":281}","{""label"":""window"",""occlusion"":""partial""}"
5-0-1.jpg,179950,{},6,3,"{""name"":""rect"",""x"":318,""y"":1,""width"":175,""height"":282}","{""label"":""window"",""occlusion"":""partial""}"
5-0-1.jpg,179950,{},6,4,"{""name"":""rect"",""x"":732,""y"":225,""width"":348,""height"":296}","{""label"":""chair"",""occlusion"":""partial""}"
5-0-1.jpg,179950,{},6,5,"{""name"":""rect"",""x"":469,""y"":358,""width"":607,""height"":163}","{""label"":""desk"",""occlusion"":""partial""}"
5-0-2.jpg,162176,{},2,0,"{""name"":""rect"",""x"":309,""y"":218,""width"":194,""height"":302}","{""label"":""window"",""occlusion"":""partial""}"
5-0-2.jpg,162176,{},2,1,"{""name"":""rect"",""x"":664,""y"":220,""width"":204,""height"":300}","{""label"":""window"",""occlusion"":""partial""}"
5-1-0.jpg,350904,{},15,0,"{""name"":""rect"",""x"":954,""y"":172,""width"":35,""height"":28}","{""label"":""rubiks_cube"",""occlusion"":""none""}"
5-1-0.jpg,350904,{},15,1,"{""name"":""rect"",""x"":762,""y"":157,""width"":41,""height"":30}","{""label"":""cup"",""occlusion"":""severe""}"
5-1-0.jpg,350904,{},15,2,"{""name"":""rect"",""x"":730,""y"":149,""width"":65,""height"":57}","{""label"":""teapot"",""occlusion"":""none""}"
5-1-0.jpg,350904,{},15,3,"{""name"":""rect"",""x"":719,""y"":91,""width"":77,""height"":40}","{""label"":""bag"",""occlusion"":""none""}"
5-1-0.jpg,350904,{},15,4,"{""name"":""rect"",""x"":508,""y"":19,""width"":36,""height"":36}","{""label"":""teddy_bear"",""occlusion"":""none""}"
5-1-0.jpg,350904,{},15,5,"{""name"":""rect"",""x"":789,""y"":0,""width"":94,""height"":87}","{""label"":""t-shirt"",""occlusion"":""partial""}"
5-1-0.jpg,350904,{},15,6,"{""name"":""rect"",""x"":976,""y"":119,""width"":104,""height"":70}","{""label"":""ottoman"",""occlusion"":""partial""}"
5-1-0.jpg,350904,{},15,7,"{""name"":""rect"",""x"":994,""y"":2,""width"":85,""height"":126}","{""label"":""chair"",""occlusion"":""partial""}"
5-1-0.jpg,350904,{},15,8,"{""name"":""rect"",""x"":992,""y"":229,""width"":87,""height"":81}","{""label"":""book"",""occlusion"":""partial""}"
5-1-0.jpg,350904,{},15,9,"{""name"":""rect"",""x"":884,""y"":126,""width"":92,""height"":116}","{""label"":""vase"",""occlusion"":""none""}"
5-1-0.jpg,350904,{},15,10,"{""name"":""rect"",""x"":658,""y"":171,""width"":422,""height"":310}","{""label"":""table"",""occlusion"":""partial""}"
5-1-0.jpg,350904,{},15,11,"{""name"":""rect"",""x"":387,""y"":15,""width"":410,""height"":174}","{""label"":""sofa"",""occlusion"":""partial""}"
5-1-0.jpg,350904,{},15,12,"{""name"":""rect"",""x"":126,""y"":0,""width"":150,""height"":224}","{""label"":""robot"",""occlusion"":""partial""}"
5-1-0.jpg,350904,{},15,13,"{""name"":""rect"",""x"":96,""y"":77,""width"":128,""height"":288}","{""label"":""desk"",""occlusion"":""severe""}"
5-1-0.jpg,350904,{},15,14,"{""name"":""rect"",""x"":0,""y"":2,""width"":241,""height"":518}","{""label"":""chair"",""occlusion"":""partial""}"
5-1-1.jpg,229112,{},18,0,"{""name"":""rect"",""x"":141,""y"":369,""width"":37,""height"":151}","{""label"":""desk"",""occlusion"":""severe""}"
5-1-1.jpg,229112,{},18,1,"{""name"":""rect"",""x"":0,""y"":237,""width"":155,""height"":284}","{""label"":""chair"",""occlusion"":""partial""}"
5-1-1.jpg,229112,{},18,2,"{""name"":""rect"",""x"":450,""y"":123,""width"":131,""height"":102}","{""label"":""painting"",""occlusion"":""none""}"
5-1-1.jpg,229112,{},18,3,"{""name"":""rect"",""x"":393,""y"":1,""width"":57,""height"":21}","{""label"":""lamp"",""occlusion"":""severe""}"
5-1-1.jpg,229112,{},18,4,"{""name"":""rect"",""x"":830,""y"":1,""width"":56,""height"":19}","{""label"":""lamp"",""occlusion"":""severe""}"
5-1-1.jpg,229112,{},18,5,"{""name"":""rect"",""x"":824,""y"":126,""width"":93,""height"":74}","{""label"":""painting"",""occlusion"":""none""}"
5-1-1.jpg,229112,{},18,6,"{""name"":""rect"",""x"":765,""y"":254,""width"":88,""height"":126}","{""label"":""t-shirt"",""occlusion"":""none""}"
5-1-1.jpg,229112,{},18,7,"{""name"":""rect"",""x"":516,""y"":322,""width"":31,""height"":33}","{""label"":""teddy_bear"",""occlusion"":""none""}"
5-1-1.jpg,229112,{},18,8,"{""name"":""rect"",""x"":157,""y"":285,""width"":116,""height"":225}","{""label"":""robot"",""occlusion"":""none""}"
5-1-1.jpg,229112,{},18,9,"{""name"":""rect"",""x"":762,""y"":451,""width"":37,""height"":31}","{""label"":""cup"",""occlusion"":""severe""}"
5-1-1.jpg,229112,{},18,10,"{""name"":""rect"",""x"":731,""y"":447,""width"":60,""height"":58}","{""label"":""teapot"",""occlusion"":""none""}"
5-1-1.jpg,229112,{},18,11,"{""name"":""rect"",""x"":951,""y"":455,""width"":31,""height"":30}","{""label"":""rubiks_cube"",""occlusion"":""none""}"
5-1-1.jpg,229112,{},18,12,"{""name"":""rect"",""x"":980,""y"":395,""width"":99,""height"":74}","{""label"":""ottoman"",""occlusion"":""partial""}"
5-1-1.jpg,229112,{},18,13,"{""name"":""rect"",""x"":979,""y"":272,""width"":100,""height"":120}","{""label"":""chair"",""occlusion"":""partial""}"
5-1-1.jpg,229112,{},18,14,"{""name"":""rect"",""x"":886,""y"":420,""width"":69,""height"":100}","{""label"":""vase"",""occlusion"":""none""}"
5-1-1.jpg,229112,{},18,15,"{""name"":""rect"",""x"":663,""y"":457,""width"":416,""height"":63}","{""label"":""table"",""occlusion"":""partial""}"
5-1-1.jpg,229112,{},18,16,"{""name"":""rect"",""x"":712,""y"":385,""width"":74,""height"":27}","{""label"":""bag"",""occlusion"":""none""}"
5-1-1.jpg,229112,{},18,17,"{""name"":""rect"",""x"":393,""y"":317,""width"":392,""height"":164}","{""label"":""sofa"",""occlusion"":""partial""}"
5-1-2.jpg,165385,{},6,0,"{""name"":""rect"",""x"":350,""y"":138,""width"":114,""height"":145}","{""label"":""lamp"",""occlusion"":""none""}"
5-1-2.jpg,165385,{},6,1,"{""name"":""rect"",""x"":807,""y"":138,""width"":157,""height"":145}","{""label"":""lamp"",""occlusion"":""none""}"
5-1-2.jpg,165385,{},6,2,"{""name"":""rect"",""x"":817,""y"":375,""width"":102,""height"":77}","{""label"":""painting"",""occlusion"":""none""}"
5-1-2.jpg,165385,{},6,3,"{""name"":""rect"",""x"":448,""y"":382,""width"":135,""height"":103}","{""label"":""painting"",""occlusion"":""none""}"
5-1-2.jpg,165385,{},6,4,"{""name"":""rect"",""x"":0,""y"":490,""width"":148,""height"":33}","{""label"":""chair"",""occlusion"":""severe""}"
5-1-2.jpg,165385,{},6,5,"{""name"":""rect"",""x"":788,""y"":503,""width"":74,""height"":19}","{""label"":""t-shirt"",""occlusion"":""severe""}"
5-2-0.jpg,321969,{},13,0,"{""name"":""rect"",""x"":959,""y"":438,""width"":120,""height"":82}","{""label"":""bag"",""occlusion"":""severe""}"
5-2-0.jpg,321969,{},13,1,"{""name"":""rect"",""x"":772,""y"":1,""width"":111,""height"":87}","{""label"":""robot"",""occlusion"":""partial""}"
5-2-0.jpg,321969,{},13,2,"{""name"":""rect"",""x"":677,""y"":213,""width"":34,""height"":41}","{""label"":""shoes"",""occlusion"":""partial""}"
5-2-0.jpg,321969,{},13,3,"{""name"":""rect"",""x"":458,""y"":1,""width"":104,""height"":103}","{""label"":""door"",""occlusion"":""partial""}"
5-2-0.jpg,321969,{},13,4,"{""name"":""rect"",""x"":261,""y"":114,""width"":15,""height"":18}","{""label"":""apple"",""occlusion"":""none""}"
5-2-0.jpg,321969,{},13,5,"{""name"":""rect"",""x"":233,""y"":51,""width"":89,""height"":143}","{""label"":""chair"",""occlusion"":""none""}"
5-2-0.jpg,321969,{},13,6,"{""name"":""rect"",""x"":85,""y"":203,""width"":111,""height"":51}","{""label"":""headphones"",""occlusion"":""none""}"
5-2-0.jpg,321969,{},13,7,"{""name"":""rect"",""x"":3,""y"":229,""width"":119,""height"":77}","{""label"":""book"",""occlusion"":""partial""}"
5-2-0.jpg,321969,{},13,8,"{""name"":""rect"",""x"":2,""y"":131,""width"":110,""height"":88}","{""label"":""ottoman"",""occlusion"":""partial""}"
5-2-0.jpg,321969,{},13,9,"{""name"":""rect"",""x"":0,""y"":45,""width"":46,""height"":96}","{""label"":""chair"",""occlusion"":""severe""}"
5-2-0.jpg,321969,{},13,10,"{""name"":""rect"",""x"":571,""y"":1,""width"":164,""height"":198}","{""label"":""door"",""occlusion"":""partial""}"
5-2-0.jpg,321969,{},13,11,"{""name"":""rect"",""x"":694,""y"":1,""width"":385,""height"":519}","{""label"":""bookshelf"",""occlusion"":""partial""}"
5-2-0.jpg,321969,{},13,12,"{""name"":""rect"",""x"":2,""y"":216,""width"":252,""height"":304}","{""label"":""table"",""occlusion"":""partial""}"
5-2-1.jpg,226934,{},15,0,"{""name"":""rect"",""x"":271,""y"":397,""width"":17,""height"":18}","{""label"":""apple"",""occlusion"":""none""}"
5-2-1.jpg,226934,{},15,1,"{""name"":""rect"",""x"":236,""y"":341,""width"":98,""height"":135}","{""label"":""chair"",""occlusion"":""none""}"
5-2-1.jpg,226934,{},15,2,"{""name"":""rect"",""x"":1,""y"":394,""width"":110,""height"":94}","{""label"":""ottoman"",""occlusion"":""partial""}"
5-2-1.jpg,226934,{},15,3,"{""name"":""rect"",""x"":0,""y"":283,""width"":63,""height"":126}","{""label"":""chair"",""occlusion"":""partial""}"
5-2-1.jpg,226934,{},15,4,"{""name"":""rect"",""x"":469,""y"":151,""width"":93,""height"":241}","{""label"":""door"",""occlusion"":""none""}"
5-2-1.jpg,226934,{},15,5,"{""name"":""rect"",""x"":543,""y"":273,""width"":21,""height"":22}","{""label"":""door_handle"",""occlusion"":""none""}"
5-2-1.jpg,226934,{},15,6,"{""name"":""rect"",""x"":670,""y"":258,""width"":40,""height"":37}","{""label"":""door_handle"",""occlusion"":""none""}"
5-2-1.jpg,226934,{},15,7,"{""name"":""rect"",""x"":671,""y"":50,""width"":45,""height"":173}","{""label"":""bag"",""occlusion"":""partial""}"
5-2-1.jpg,226934,{},15,8,"{""name"":""rect"",""x"":762,""y"":34,""width"":77,""height"":135}","{""label"":""trophy"",""occlusion"":""none""}"
5-2-1.jpg,226934,{},15,9,"{""name"":""rect"",""x"":865,""y"":2,""width"":48,""height"":121}","{""label"":""robot"",""occlusion"":""severe""}"
5-2-1.jpg,226934,{},15,10,"{""name"":""rect"",""x"":748,""y"":232,""width"":102,""height"":148}","{""label"":""robot"",""occlusion"":""none""}"
5-2-1.jpg,226934,{},15,11,"{""name"":""rect"",""x"":711,""y"":0,""width"":368,""height"":516}","{""label"":""bookshelf"",""occlusion"":""partial""}"
5-2-1.jpg,226934,{},15,12,"{""name"":""rect"",""x"":88,""y"":489,""width"":110,""height"":30}","{""label"":""headphones"",""occlusion"":""partial""}"
5-2-1.jpg,226934,{},15,13,"{""name"":""rect"",""x"":0,""y"":489,""width"":252,""height"":31}","{""label"":""table"",""occlusion"":""partial""}"
5-2-1.jpg,226934,{},15,14,"{""name"":""rect"",""x"":571,""y"":42,""width"":143,""height"":434}","{""label"":""door"",""occlusion"":""partial""}"
5-2-2.jpg,225625,{},10,0,"{""name"":""rect"",""x"":721,""y"":41,""width"":23,""height"":58}","{""label"":""wine_bottle"",""occlusion"":""severe""}"
5-2-2.jpg,225625,{},10,1,"{""name"":""rect"",""x"":307,""y"":104,""width"":318,""height"":51}","{""label"":""lamp"",""occlusion"":""none""}"
5-2-2.jpg,225625,{},10,2,"{""name"":""rect"",""x"":2,""y"":122,""width"":109,""height"":50}","{""label"":""lamp"",""occlusion"":""partial""}"
5-2-2.jpg,225625,{},10,3,"{""name"":""rect"",""x"":465,""y"":406,""width"":96,""height"":114}","{""label"":""door"",""occlusion"":""partial""}"
5-2-2.jpg,225625,{},10,4,"{""name"":""rect"",""x"":747,""y"":305,""width"":62,""height"":127}","{""label"":""trophy"",""occlusion"":""none""}"
5-2-2.jpg,225625,{},10,5,"{""name"":""rect"",""x"":796,""y"":493,""width"":40,""height"":29}","{""label"":""robot"",""occlusion"":""severe""}"
5-2-2.jpg,225625,{},10,6,"{""name"":""rect"",""x"":822,""y"":249,""width"":52,""height"":126}","{""label"":""robot"",""occlusion"":""severe""}"
5-2-2.jpg,225625,{},10,7,"{""name"":""rect"",""x"":671,""y"":313,""width"":47,""height"":160}","{""label"":""bag"",""occlusion"":""partial""}"
5-2-2.jpg,225625,{},10,8,"{""name"":""rect"",""x"":566,""y"":310,""width"":157,""height"":212}","{""label"":""door"",""occlusion"":""partial""}"
5-2-2.jpg,225625,{},10,9,"{""name"":""rect"",""x"":682,""y"":2,""width"":398,""height"":518}","{""label"":""bookshelf"",""occlusion"":""partial""}"
5-3-0.jpg,409078,{},3,0,"{""name"":""rect"",""x"":685,""y"":475,""width"":110,""height"":47}","{""label"":""ball"",""occlusion"":""partial""}"
5-3-0.jpg,409078,{},3,1,"{""name"":""rect"",""x"":106,""y"":327,""width"":252,""height"":194}","{""label"":""bag"",""occlusion"":""partial""}"
5-3-0.jpg,409078,{},3,2,"{""name"":""rect"",""x"":4,""y"":2,""width"":158,""height"":518}","{""label"":""bookshelf"",""occlusion"":""severe""}"
5-3-1.jpg,347599,{},1,0,"{""name"":""rect"",""x"":0,""y"":0,""width"":138,""height"":521}","{""label"":""bookshelf"",""occlusion"":""severe""}"
5-3-2.jpg,338271,{},1,0,"{""name"":""rect"",""x"":1,""y"":0,""width"":224,""height"":520}","{""label"":""bookshelf"",""occlusion"":""partial""}"
6-0-0.jpg,285961,{},4,0,"{""name"":""rect"",""x"":712,""y"":0,""width"":235,""height"":425}","{""label"":""robot"",""occlusion"":""partial""}"
6-0-0.jpg,285961,{},4,1,"{""name"":""rect"",""x"":2,""y"":0,""width"":75,""height"":131}","{""label"":""wine_glass"",""occlusion"":""partial""}"
6-0-0.jpg,285961,{},4,2,"{""name"":""rect"",""x"":7,""y"":44,""width"":58,""height"":75}","{""label"":""wine_bottle"",""occlusion"":""partial""}"
6-0-0.jpg,285961,{},4,3,"{""name"":""rect"",""x"":1,""y"":68,""width"":335,""height"":452}","{""label"":""desk"",""occlusion"":""partial""}"
6-0-1.jpg,137731,{},5,0,"{""name"":""rect"",""x"":730,""y"":281,""width"":175,""height"":239}","{""label"":""robot"",""occlusion"":""partial""}"
6-0-1.jpg,137731,{},5,1,"{""name"":""rect"",""x"":115,""y"":2,""width"":162,""height"":285}","{""label"":""window"",""occlusion"":""partial""}"
6-0-1.jpg,137731,{},5,2,"{""name"":""rect"",""x"":57,""y"":291,""width"":62,""height"":120}","{""label"":""wine_glass"",""occlusion"":""none""}"
6-0-1.jpg,137731,{},5,3,"{""name"":""rect"",""x"":57,""y"":241,""width"":46,""height"":161}","{""label"":""wine_bottle"",""occlusion"":""partial""}"
6-0-1.jpg,137731,{},5,4,"{""name"":""rect"",""x"":1,""y"":363,""width"":311,""height"":160}","{""label"":""desk"",""occlusion"":""partial""}"
6-0-2.jpg,117755,{},2,0,"{""name"":""rect"",""x"":109,""y"":203,""width"":214,""height"":318}","{""label"":""window"",""occlusion"":""partial""}"
6-0-2.jpg,117755,{},2,1,"{""name"":""rect"",""x"":2,""y"":218,""width"":45,""height"":144}","{""label"":""window"",""occlusion"":""severe""}"
6-1-0.jpg,363704,{},3,0,"{""name"":""rect"",""x"":1035,""y"":254,""width"":45,""height"":63}","{""label"":""bag"",""occlusion"":""severe""}"
6-1-0.jpg,363704,{},3,1,"{""name"":""rect"",""x"":537,""y"":65,""width"":82,""height"":92}","{""label"":""teddy_bear"",""occlusion"":""none""}"
6-1-0.jpg,363704,{},3,2,"{""name"":""rect"",""x"":199,""y"":46,""width"":880,""height"":454}","{""label"":""sofa"",""occlusion"":""partial""}"
6-1-1.jpg,183358,{},4,0,"{""name"":""rect"",""x"":394,""y"":0,""width"":278,""height"":163}","{""label"":""painting"",""occlusion"":""partial""}"
6-1-1.jpg,183358,{},4,1,"{""name"":""rect"",""x"":1052,""y"":241,""width"":28,""height"":238}","{""label"":""t-shirt"",""occlusion"":""severe""}"
6-1-1.jpg,183358,{},4,2,"{""name"":""rect"",""x"":538,""y"":387,""width"":79,""height"":81}","{""label"":""teddy_bear"",""occlusion"":""none""}"
6-1-1.jpg,183358,{},4,3,"{""name"":""rect"",""x"":337,""y"":359,""width"":724,""height"":163}","{""label"":""sofa"",""occlusion"":""partial""}"
6-1-2.jpg,147173,{},3,0,"{""name"":""rect"",""x"":329,""y"":0,""width"":102,""height"":19}","{""label"":""lamp"",""occlusion"":""severe""}"
6-1-2.jpg,147173,{},3,1,"{""name"":""rect"",""x"":1050,""y"":0,""width"":29,""height"":52}","{""label"":""lamp"",""occlusion"":""severe""}"
6-1-2.jpg,147173,{},3,2,"{""name"":""rect"",""x"":400,""y"":232,""width"":268,""height"":186}","{""label"":""painting"",""occlusion"":""none""}"
6-2-0.jpg,347151,{},16,0,"{""name"":""rect"",""x"":632,""y"":97,""width"":19,""height"":19}","{""label"":""apple"",""occlusion"":""none""}"
6-2-0.jpg,347151,{},16,1,"{""name"":""rect"",""x"":599,""y"":36,""width"":81,""height"":137}","{""label"":""chair"",""occlusion"":""none""}"
6-2-0.jpg,347151,{},16,2,"{""name"":""rect"",""x"":750,""y"":1,""width"":37,""height"":96}","{""label"":""door"",""occlusion"":""severe""}"
6-2-0.jpg,347151,{},16,3,"{""name"":""rect"",""x"":731,""y"":181,""width"":30,""height"":31}","{""label"":""rubiks_cube"",""occlusion"":""none""}"
6-2-0.jpg,347151,{},16,4,"{""name"":""rect"",""x"":2,""y"":0,""width"":114,""height"":189}","{""label"":""t-shirt"",""occlusion"":""partial""}"
6-2-0.jpg,347151,{},16,5,"{""name"":""rect"",""x"":68,""y"":200,""width"":209,""height"":119}","{""label"":""bag"",""occlusion"":""none""}"
6-2-0.jpg,347151,{},16,6,"{""name"":""rect"",""x"":317,""y"":102,""width"":192,""height"":131}","{""label"":""ottoman"",""occlusion"":""none""}"
6-2-0.jpg,347151,{},16,7,"{""name"":""rect"",""x"":202,""y"":0,""width"":201,""height"":204}","{""label"":""chair"",""occlusion"":""partial""}"
6-2-0.jpg,347151,{},16,8,"{""name"":""rect"",""x"":941,""y"":177,""width"":99,""height"":36}","{""label"":""headphones"",""occlusion"":""partial""}"
6-2-0.jpg,347151,{},16,9,"{""name"":""rect"",""x"":886,""y"":191,""width"":163,""height"":65}","{""label"":""book"",""occlusion"":""partial""}"
6-2-0.jpg,347151,{},16,10,"{""name"":""rect"",""x"":893,""y"":146,""width"":104,""height"":122}","{""label"":""vase"",""occlusion"":""none""}"
6-2-0.jpg,347151,{},16,11,"{""name"":""rect"",""x"":764,""y"":265,""width"":85,""height"":59}","{""label"":""cup"",""occlusion"":""none""}"
6-2-0.jpg,347151,{},16,12,"{""name"":""rect"",""x"":850,""y"":273,""width"":125,""height"":82}","{""label"":""teapot"",""occlusion"":""none""}"
6-2-0.jpg,347151,{},16,13,"{""name"":""rect"",""x"":887,""y"":0,""width"":191,""height"":190}","{""label"":""door"",""occlusion"":""partial""}"
6-2-0.jpg,347151,{},16,14,"{""name"":""rect"",""x"":645,""y"":183,""width"":431,""height"":339}","{""label"":""table"",""occlusion"":""partial""}"
6-2-0.jpg,347151,{},16,15,"{""name"":""rect"",""x"":1,""y"":202,""width"":243,""height"":318}","{""label"":""sofa"",""occlusion"":""partial""}"
6-2-1.jpg,220948,{},18,0,"{""name"":""rect"",""x"":1019,""y"":256,""width"":39,""height"":36}","{""label"":""door_handle"",""occlusion"":""none""}"
6-2-1.jpg,220948,{},18,1,"{""name"":""rect"",""x"":1012,""y"":75,""width"":63,""height"":144}","{""label"":""bag"",""occlusion"":""none""}"
6-2-1.jpg,220948,{},18,2,"{""name"":""rect"",""x"":770,""y"":204,""width"":21,""height"":18}","{""label"":""sign"",""occlusion"":""none""}"
6-2-1.jpg,220948,{},18,3,"{""name"":""rect"",""x"":747,""y"":268,""width"":19,""height"":24}","{""label"":""door_handle"",""occlusion"":""none""}"
6-2-1.jpg,220948,{},18,4,"{""name"":""rect"",""x"":742,""y"":154,""width"":22,""height"":231}","{""label"":""door"",""occlusion"":""partial""}"
6-2-1.jpg,220948,{},18,5,"{""name"":""rect"",""x"":883,""y"":70,""width"":180,""height"":389}","{""label"":""door"",""occlusion"":""partial""}"
6-2-1.jpg,220948,{},18,6,"{""name"":""rect"",""x"":940,""y"":455,""width"":92,""height"":36}","{""label"":""headphones"",""occlusion"":""partial""}"
6-2-1.jpg,220948,{},18,7,"{""name"":""rect"",""x"":885,""y"":472,""width"":160,""height"":50}","{""label"":""book"",""occlusion"":""partial""}"
6-2-1.jpg,220948,{},18,8,"{""name"":""rect"",""x"":898,""y"":431,""width"":82,""height"":89}","{""label"":""vase"",""occlusion"":""partial""}"
6-2-1.jpg,220948,{},18,9,"{""name"":""rect"",""x"":730,""y"":474,""width"":33,""height"":33}","{""label"":""rubiks_cube"",""occlusion"":""none""}"
6-2-1.jpg,220948,{},18,10,"{""name"":""rect"",""x"":627,""y"":388,""width"":21,""height"":19}","{""label"":""apple"",""occlusion"":""none""}"
6-2-1.jpg,220948,{},18,11,"{""name"":""rect"",""x"":597,""y"":331,""width"":80,""height"":133}","{""label"":""chair"",""occlusion"":""none""}"
6-2-1.jpg,220948,{},18,12,"{""name"":""rect"",""x"":96,""y"":27,""width"":105,""height"":148}","{""label"":""painting"",""occlusion"":""none""}"
6-2-1.jpg,220948,{},18,13,"{""name"":""rect"",""x"":26,""y"":233,""width"":120,""height"":231}","{""label"":""t-shirt"",""occlusion"":""none""}"
6-2-1.jpg,220948,{},18,14,"{""name"":""rect"",""x"":71,""y"":481,""width"":143,""height"":41}","{""label"":""bag"",""occlusion"":""partial""}"
6-2-1.jpg,220948,{},18,15,"{""name"":""rect"",""x"":324,""y"":394,""width"":189,""height"":125}","{""label"":""ottoman"",""occlusion"":""none""}"
6-2-1.jpg,220948,{},18,16,"{""name"":""rect"",""x"":237,""y"":281,""width"":178,""height"":213}","{""label"":""chair"",""occlusion"":""partial""}"
6-2-1.jpg,220948,{},18,17,"{""name"":""rect"",""x"":651,""y"":470,""width"":429,""height"":50}","{""label"":""table"",""occlusion"":""partial""}"
6-2-2.jpg,208025,{},9,0,"{""name"":""rect"",""x"":999,""y"":314,""width"":73,""height"":145}","{""label"":""bag"",""occlusion"":""none""}"
6-2-2.jpg,208025,{},9,1,"{""name"":""rect"",""x"":772,""y"":133,""width"":278,""height"":47}","{""label"":""lamp"",""occlusion"":""none""}"
6-2-2.jpg,208025,{},9,2,"{""name"":""rect"",""x"":261,""y"":133,""width"":300,""height"":53}","{""label"":""lamp"",""occlusion"":""none""}"
6-2-2.jpg,208025,{},9,3,"{""name"":""rect"",""x"":114,""y"":284,""width"":116,""height"":140}","{""label"":""painting"",""occlusion"":""none""}"
6-2-2.jpg,208025,{},9,4,"{""name"":""rect"",""x"":28,""y"":472,""width"":115,""height"":48}","{""label"":""t-shirt"",""occlusion"":""partial""}"
6-2-2.jpg,208025,{},9,5,"{""name"":""rect"",""x"":737,""y"":402,""width"":39,""height"":121}","{""label"":""door"",""occlusion"":""severe""}"
6-2-2.jpg,208025,{},9,6,"{""name"":""rect"",""x"":778,""y"":456,""width"":18,""height"":18}","{""label"":""sign"",""occlusion"":""none""}"
6-2-2.jpg,208025,{},9,7,"{""name"":""rect"",""x"":1030,""y"":492,""width"":39,""height"":28}","{""label"":""door_handle"",""occlusion"":""partial""}"
6-2-2.jpg,208025,{},9,8,"{""name"":""rect"",""x"":862,""y"":313,""width"":216,""height"":207}","{""label"":""door"",""occlusion"":""partial""}"
6-3-0.jpg,357043,{},11,0,"{""name"":""rect"",""x"":922,""y"":34,""width"":33,""height"":27}","{""label"":""rubiks_cube"",""occlusion"":""none""}"
6-3-0.jpg,357043,{},11,1,"{""name"":""rect"",""x"":798,""y"":18,""width"":30,""height"":34}","{""label"":""apple"",""occlusion"":""none""}"
6-3-0.jpg,357043,{},11,2,"{""name"":""rect"",""x"":565,""y"":161,""width"":41,""height"":45}","{""label"":""ball"",""occlusion"":""none""}"
6-3-0.jpg,357043,{},11,3,"{""name"":""rect"",""x"":358,""y"":114,""width"":88,""height"":98}","{""label"":""bag"",""occlusion"":""none""}"
6-3-0.jpg,357043,{},11,4,"{""name"":""rect"",""x"":279,""y"":2,""width"":31,""height"":36}","{""label"":""vase"",""occlusion"":""partial""}"
6-3-0.jpg,357043,{},11,5,"{""name"":""rect"",""x"":156,""y"":0,""width"":60,""height"":50}","{""label"":""robot"",""occlusion"":""partial""}"
6-3-0.jpg,357043,{},11,6,"{""name"":""rect"",""x"":45,""y"":187,""width"":71,""height"":30}","{""label"":""shoes"",""occlusion"":""none""}"
6-3-0.jpg,357043,{},11,7,"{""name"":""rect"",""x"":2,""y"":218,""width"":289,""height"":301}","{""label"":""table"",""occlusion"":""partial""}"
6-3-0.jpg,357043,{},11,8,"{""name"":""rect"",""x"":134,""y"":0,""width"":241,""height"":220}","{""label"":""bookshelf"",""occlusion"":""partial""}"
6-3-0.jpg,357043,{},11,9,"{""name"":""rect"",""x"":631,""y"":1,""width"":281,""height"":435}","{""label"":""chair"",""occlusion"":""partial""}"
6-3-0.jpg,357043,{},11,10,"{""name"":""rect"",""x"":716,""y"":42,""width"":364,""height"":478}","{""label"":""desk"",""occlusion"":""partial""}"
6-3-1.jpg,234674,{},16,0,"{""name"":""rect"",""x"":776,""y"":335,""width"":29,""height"":30}","{""label"":""apple"",""occlusion"":""none""}"
6-3-1.jpg,234674,{},16,1,"{""name"":""rect"",""x"":894,""y"":342,""width"":25,""height"":28}","{""label"":""rubiks_cube"",""occlusion"":""none""}"
6-3-1.jpg,234674,{},16,2,"{""name"":""rect"",""x"":1046,""y"":237,""width"":33,""height"":174}","{""label"":""wine_bottle"",""occlusion"":""partial""}"
6-3-1.jpg,234674,{},16,3,"{""name"":""rect"",""x"":1051,""y"":289,""width"":27,""height"":137}","{""label"":""wine_glass"",""occlusion"":""partial""}"
6-3-1.jpg,234674,{},16,4,"{""name"":""rect"",""x"":875,""y"":0,""width"":102,""height"":294}","{""label"":""window"",""occlusion"":""none""}"
6-3-1.jpg,234674,{},16,5,"{""name"":""rect"",""x"":568,""y"":472,""width"":40,""height"":44}","{""label"":""ball"",""occlusion"":""none""}"
6-3-1.jpg,234674,{},16,6,"{""name"":""rect"",""x"":640,""y"":276,""width"":277,""height"":247}","{""label"":""chair"",""occlusion"":""partial""}"
6-3-1.jpg,234674,{},16,7,"{""name"":""rect"",""x"":759,""y"":357,""width"":320,""height"":166}","{""label"":""desk"",""occlusion"":""partial""}"
6-3-1.jpg,234674,{},16,8,"{""name"":""rect"",""x"":368,""y"":422,""width"":77,""height"":99}","{""label"":""bag"",""occlusion"":""none""}"
6-3-1.jpg,234674,{},16,9,"{""name"":""rect"",""x"":257,""y"":44,""width"":25,""height"":65}","{""label"":""wine_bottle"",""occlusion"":""none""}"
6-3-1.jpg,234674,{},16,10,"{""name"":""rect"",""x"":218,""y"":168,""width"":17,""height"":17}","{""label"":""rubiks_cube"",""occlusion"":""none""}"
6-3-1.jpg,234674,{},16,11,"{""name"":""rect"",""x"":195,""y"":284,""width"":57,""height"":71}","{""label"":""robot"",""occlusion"":""none""}"
6-3-1.jpg,234674,{},16,12,"{""name"":""rect"",""x"":215,""y"":196,""width"":39,""height"":67}","{""label"":""trophy"",""occlusion"":""none""}"
6-3-1.jpg,234674,{},16,13,"{""name"":""rect"",""x"":281,""y"":197,""width"":58,""height"":64}","{""label"":""robot"",""occlusion"":""none""}"
6-3-1.jpg,234674,{},16,14,"{""name"":""rect"",""x"":304,""y"":293,""width"":35,""height"":63}","{""label"":""vase"",""occlusion"":""none""}"
6-3-1.jpg,234674,{},16,15,"{""name"":""rect"",""x"":173,""y"":102,""width"":206,""height"":415}","{""label"":""bookshelf"",""occlusion"":""none""}"
6-3-2.jpg,227944,{},10,0,"{""name"":""rect"",""x"":1009,""y"":80,""width"":71,""height"":266}","{""label"":""window"",""occlusion"":""severe""}"
6-3-2.jpg,227944,{},10,1,"{""name"":""rect"",""x"":851,""y"":241,""width"":138,""height"":281}","{""label"":""window"",""occlusion"":""partial""}"
6-3-2.jpg,227944,{},10,2,"{""name"":""rect"",""x"":589,""y"":1,""width"":117,""height"":213}","{""label"":""lamp"",""occlusion"":""partial""}"
6-3-2.jpg,227944,{},10,3,"{""name"":""rect"",""x"":1,""y"":24,""width"":171,""height"":200}","{""label"":""lamp"",""occlusion"":""partial""}"
6-3-2.jpg,227944,{},10,4,"{""name"":""rect"",""x"":274,""y"":287,""width"":25,""height"":59}","{""label"":""wine_bottle"",""occlusion"":""none""}"
6-3-2.jpg,227944,{},10,5,"{""name"":""rect"",""x"":221,""y"":402,""width"":22,""height"":17}","{""label"":""rubiks_cube"",""occlusion"":""none""}"
6-3-2.jpg,227944,{},10,6,"{""name"":""rect"",""x"":213,""y"":428,""width"":41,""height"":69}","{""label"":""trophy"",""occlusion"":""none""}"
6-3-2.jpg,227944,{},10,7,"{""name"":""rect"",""x"":273,""y"":434,""width"":67,""height"":63}","{""label"":""robot"",""occlusion"":""none""}"
6-3-2.jpg,227944,{},10,8,"{""name"":""rect"",""x"":163,""y"":343,""width"":223,""height"":179}","{""label"":""bookshelf"",""occlusion"":""partial""}"
6-3-2.jpg,227944,{},10,9,"{""name"":""rect"",""x"":1052,""y"":460,""width"":28,""height"":60}","{""label"":""wine_bottle"",""occlusion"":""severe""}"
7-0-0.jpg,360568,{},13,0,"{""name"":""rect"",""x"":56,""y"":306,""width"":65,""height"":57}","{""label"":""rubiks_cube"",""occlusion"":""none""}"
7-0-0.jpg,360568,{},13,1,"{""name"":""rect"",""x"":5,""y"":155,""width"":103,""height"":125}","{""label"":""vase"",""occlusion"":""none""}"
7-0-0.jpg,360568,{},13,2,"{""name"":""rect"",""x"":229,""y"":192,""width"":54,""height"":39}","{""label"":""cup"",""occlusion"":""none""}"
7-0-0.jpg,360568,{},13,3,"{""name"":""rect"",""x"":188,""y"":169,""width"":67,""height"":50}","{""label"":""teapot"",""occlusion"":""partial""}"
7-0-0.jpg,360568,{},13,4,"{""name"":""rect"",""x"":583,""y"":0,""width"":74,""height"":171}","{""label"":""robot"",""occlusion"":""partial""}"
7-0-0.jpg,360568,{},13,5,"{""name"":""rect"",""x"":849,""y"":46,""width"":63,""height"":54}","{""label"":""teddy_bear"",""occlusion"":""none""}"
7-0-0.jpg,360568,{},13,6,"{""name"":""rect"",""x"":825,""y"":268,""width"":239,""height"":179}","{""label"":""bag"",""occlusion"":""none""}"
7-0-0.jpg,360568,{},13,7,"{""name"":""rect"",""x"":670,""y"":41,""width"":409,""height"":439}","{""label"":""sofa"",""occlusion"":""partial""}"
7-0-0.jpg,360568,{},13,8,"{""name"":""rect"",""x"":111,""y"":31,""width"":17,""height"":17}","{""label"":""apple"",""occlusion"":""partial""}"
7-0-0.jpg,360568,{},13,9,"{""name"":""rect"",""x"":303,""y"":0,""width"":24,""height"":34}","{""label"":""wine_bottle"",""occlusion"":""partial""}"
7-0-0.jpg,360568,{},13,10,"{""name"":""rect"",""x"":121,""y"":2,""width"":189,""height"":191}","{""label"":""chair"",""occlusion"":""partial""}"
7-0-0.jpg,360568,{},13,11,"{""name"":""rect"",""x"":76,""y"":25,""width"":335,""height"":173}","{""label"":""desk"",""occlusion"":""partial""}"
7-0-0.jpg,360568,{},13,12,"{""name"":""rect"",""x"":3,""y"":187,""width"":354,""height"":333}","{""label"":""table"",""occlusion"":""partial""}"
7-0-1.jpg,198583,{},16,0,"{""name"":""rect"",""x"":863,""y"":1,""width"":154,""height"":207}","{""label"":""painting"",""occlusion"":""partial""}"
7-0-1.jpg,198583,{},16,1,"{""name"":""rect"",""x"":834,""y"":353,""width"":54,""height"":51}","{""label"":""teddy_bear"",""occlusion"":""none""}"
7-0-1.jpg,198583,{},16,2,"{""name"":""rect"",""x"":670,""y"":334,""width"":409,""height"":186}","{""label"":""sofa"",""occlusion"":""partial""}"
7-0-1.jpg,198583,{},16,3,"{""name"":""rect"",""x"":587,""y"":300,""width"":67,""height"":175}","{""label"":""robot"",""occlusion"":""none""}"
7-0-1.jpg,198583,{},16,4,"{""name"":""rect"",""x"":343,""y"":305,""width"":22,""height"":40}","{""label"":""wine_glass"",""occlusion"":""none""}"
7-0-1.jpg,198583,{},16,5,"{""name"":""rect"",""x"":331,""y"":284,""width"":21,""height"":62}","{""label"":""wine_bottle"",""occlusion"":""partial""}"
7-0-1.jpg,198583,{},16,6,"{""name"":""rect"",""x"":302,""y"":126,""width"":87,""height"":179}","{""label"":""window"",""occlusion"":""none""}"
7-0-1.jpg,198583,{},16,7,"{""name"":""rect"",""x"":147,""y"":331,""width"":17,""height"":18}","{""label"":""apple"",""occlusion"":""partial""}"
7-0-1.jpg,198583,{},16,8,"{""name"":""rect"",""x"":232,""y"":498,""width"":56,""height"":22}","{""label"":""cup"",""occlusion"":""partial""}"
7-0-1.jpg,198583,{},16,9,"{""name"":""rect"",""x"":199,""y"":473,""width"":65,""height"":48}","{""label"":""teapot"",""occlusion"":""partial""}"
7-0-1.jpg,198583,{},16,10,"{""name"":""rect"",""x"":31,""y"":449,""width"":74,""height"":73}","{""label"":""vase"",""occlusion"":""partial""}"
7-0-1.jpg,198583,{},16,11,"{""name"":""rect"",""x"":154,""y"":293,""width"":158,""height"":201}","{""label"":""chair"",""occlusion"":""partial""}"
7-0-1.jpg,198583,{},16,12,"{""name"":""rect"",""x"":109,""y"":337,""width"":305,""height"":167}","{""label"":""desk"",""occlusion"":""partial""}"
7-0-1.jpg,198583,{},16,13,"{""name"":""rect"",""x"":130,""y"":131,""width"":85,""height"":177}","{""label"":""window"",""occlusion"":""none""}"
7-0-1.jpg,198583,{},16,14,"{""name"":""rect"",""x"":31,""y"":0,""width"":156,""height"":19}","{""label"":""lamp"",""occlusion"":""severe""}"
7-0-1.jpg,198583,{},16,15,"{""name"":""rect"",""x"":3,""y"":491,""width"":357,""height"":29}","{""label"":""table"",""occlusion"":""partial""}"
7-0-2.jpg,153947,{},5,0,"{""name"":""rect"",""x"":480,""y"":210,""width"":255,""height"":51}","{""label"":""lamp"",""occlusion"":""none""}"
7-0-2.jpg,153947,{},5,1,"{""name"":""rect"",""x"":61,""y"":214,""width"":249,""height"":52}","{""label"":""lamp"",""occlusion"":""none""}"
7-0-2.jpg,153947,{},5,2,"{""name"":""rect"",""x"":288,""y"":376,""width"":109,""height"":145}","{""label"":""window"",""occlusion"":""partial""}"
7-0-2.jpg,153947,{},5,3,"{""name"":""rect"",""x"":114,""y"":377,""width"":111,""height"":143}","{""label"":""window"",""occlusion"":""partial""}"
7-0-2.jpg,153947,{},5,4,"{""name"":""rect"",""x"":845,""y"":236,""width"":162,""height"":216}","{""label"":""painting"",""occlusion"":""none""}"
7-1-0.jpg,382646,{},5,0,"{""name"":""rect"",""x"":707,""y"":314,""width"":372,""height"":207}","{""label"":""ottoman"",""occlusion"":""partial""}"
7-1-0.jpg,382646,{},5,1,"{""name"":""rect"",""x"":801,""y"":0,""width"":279,""height"":368}","{""label"":""chair"",""occlusion"":""partial""}"
7-1-0.jpg,382646,{},5,2,"{""name"":""rect"",""x"":261,""y"":0,""width"":246,""height"":220}","{""label"":""t-shirt"",""occlusion"":""partial""}"
7-1-0.jpg,382646,{},5,3,"{""name"":""rect"",""x"":0,""y"":60,""width"":278,""height"":460}","{""label"":""sofa"",""occlusion"":""partial""}"
7-1-0.jpg,382646,{},5,4,"{""name"":""rect"",""x"":1,""y"":296,""width"":97,""height"":191}","{""label"":""bag"",""occlusion"":""partial""}"
7-1-1.jpg,236123,{},4,0,"{""name"":""rect"",""x"":822,""y"":259,""width"":258,""height"":262}","{""label"":""chair"",""occlusion"":""partial""}"
7-1-1.jpg,236123,{},4,1,"{""name"":""rect"",""x"":487,""y"":0,""width"":207,""height"":82}","{""label"":""painting"",""occlusion"":""partial""}"
7-1-1.jpg,236123,{},4,2,"{""name"":""rect"",""x"":298,""y"":204,""width"":212,""height"":310}","{""label"":""t-shirt"",""occlusion"":""none""}"
7-1-1.jpg,236123,{},4,3,"{""name"":""rect"",""x"":1,""y"":357,""width"":258,""height"":164}","{""label"":""sofa"",""occlusion"":""partial""}"
7-1-2.jpg,155719,{},3,0,"{""name"":""rect"",""x"":493,""y"":220,""width"":194,""height"":145}","{""label"":""painting"",""occlusion"":""none""}"
7-1-2.jpg,155719,{},3,1,"{""name"":""rect"",""x"":307,""y"":479,""width"":191,""height"":41}","{""label"":""t-shirt"",""occlusion"":""severe""}"
7-1-2.jpg,155719,{},3,2,"{""name"":""rect"",""x"":0,""y"":220,""width"":30,""height"":114}","{""label"":""painting"",""occlusion"":""severe""}"
7-2-0.jpg,270619,{},4,0,"{""name"":""rect"",""x"":776,""y"":238,""width"":34,""height"":37}","{""label"":""apple"",""occlusion"":""none""}"
7-2-0.jpg,270619,{},4,1,"{""name"":""rect"",""x"":690,""y"":97,""width"":194,""height"":317}","{""label"":""chair"",""occlusion"":""none""}"
7-2-0.jpg,270619,{},4,2,"{""name"":""rect"",""x"":2,""y"":272,""width"":445,""height"":248}","{""label"":""ottoman"",""occlusion"":""partial""}"
7-2-0.jpg,270619,{},4,3,"{""name"":""rect"",""x"":0,""y"":0,""width"":219,""height"":370}","{""label"":""chair"",""occlusion"":""partial""}"
7-2-1.jpg,134400,{},2,0,"{""name"":""rect"",""x"":718,""y"":411,""width"":156,""height"":110}","{""label"":""chair"",""occlusion"":""partial""}"
7-2-1.jpg,134400,{},2,1,"{""name"":""rect"",""x"":0,""y"":281,""width"":225,""height"":241}","{""label"":""chair"",""occlusion"":""partial""}"
7-2-2.jpg,123015,{},0,0,{},{}
7-3-0.jpg,368221,{},15,0,"{""name"":""rect"",""x"":460,""y"":171,""width"":48,""height"":30}","{""label"":""shoes"",""occlusion"":""none""}"
7-3-0.jpg,368221,{},15,1,"{""name"":""rect"",""x"":133,""y"":1,""width"":249,""height"":236}","{""label"":""door"",""occlusion"":""partial""}"
7-3-0.jpg,368221,{},15,2,"{""name"":""rect"",""x"":2,""y"":0,""width"":102,""height"":162}","{""label"":""door"",""occlusion"":""partial""}"
7-3-0.jpg,368221,{},15,3,"{""name"":""rect"",""x"":54,""y"":0,""width"":21,""height"":22}","{""label"":""door_handle"",""occlusion"":""partial""}"
7-3-0.jpg,368221,{},15,4,"{""name"":""rect"",""x"":970,""y"":160,""width"":40,""height"":39}","{""label"":""ball"",""occlusion"":""none""}"
7-3-0.jpg,368221,{},15,5,"{""name"":""rect"",""x"":1048,""y"":167,""width"":31,""height"":137}","{""label"":""vase"",""occlusion"":""partial""}"
7-3-0.jpg,368221,{},15,6,"{""name"":""rect"",""x"":1004,""y"":329,""width"":65,""height"":60}","{""label"":""rubiks_cube"",""occlusion"":""none""}"
7-3-0.jpg,368221,{},15,7,"{""name"":""rect"",""x"":663,""y"":0,""width"":46,""height"":31}","{""label"":""robot"",""occlusion"":""severe""}"
7-3-0.jpg,368221,{},15,8,"{""name"":""rect"",""x"":768,""y"":2,""width"":30,""height"":30}","{""label"":""vase"",""occlusion"":""partial""}"
7-3-0.jpg,368221,{},15,9,"{""name"":""rect"",""x"":799,""y"":179,""width"":102,""height"":45}","{""label"":""headphones"",""occlusion"":""none""}"
7-3-0.jpg,368221,{},15,10,"{""name"":""rect"",""x"":839,""y"":198,""width"":160,""height"":77}","{""label"":""book"",""occlusion"":""partial""}"
7-3-0.jpg,368221,{},15,11,"{""name"":""rect"",""x"":817,""y"":114,""width"":56,""height"":82}","{""label"":""bag"",""occlusion"":""partial""}"
7-3-0.jpg,368221,{},15,12,"{""name"":""rect"",""x"":627,""y"":0,""width"":224,""height"":208}","{""label"":""bookshelf"",""occlusion"":""partial""}"
7-3-0.jpg,368221,{},15,13,"{""name"":""rect"",""x"":748,""y"":198,""width"":330,""height"":323}","{""label"":""table"",""occlusion"":""partial""}"
7-3-0.jpg,368221,{},15,14,"{""name"":""rect"",""x"":1,""y"":423,""width"":40,""height"":83}","{""label"":""chair"",""occlusion"":""severe""}"
7-3-1.jpg,240438,{},21,0,"{""name"":""rect"",""x"":459,""y"":481,""width"":51,""height"":31}","{""label"":""shoes"",""occlusion"":""none""}"
7-3-1.jpg,240438,{},21,1,"{""name"":""rect"",""x"":975,""y"":452,""width"":41,""height"":39}","{""label"":""ball"",""occlusion"":""none""}"
7-3-1.jpg,240438,{},21,2,"{""name"":""rect"",""x"":706,""y"":44,""width"":23,""height"":62}","{""label"":""wine_bottle"",""occlusion"":""none""}"
7-3-1.jpg,240438,{},21,3,"{""name"":""rect"",""x"":667,""y"":166,""width"":16,""height"":15}","{""label"":""rubiks_cube"",""occlusion"":""none""}"
7-3-1.jpg,240438,{},21,4,"{""name"":""rect"",""x"":668,""y"":191,""width"":29,""height"":67}","{""label"":""trophy"",""occlusion"":""none""}"
7-3-1.jpg,240438,{},21,5,"{""name"":""rect"",""x"":649,""y"":282,""width"":44,""height"":67}","{""label"":""robot"",""occlusion"":""none""}"
7-3-1.jpg,240438,{},21,6,"{""name"":""rect"",""x"":745,""y"":291,""width"":31,""height"":57}","{""label"":""vase"",""occlusion"":""none""}"
7-3-1.jpg,240438,{},21,7,"{""name"":""rect"",""x"":713,""y"":196,""width"":73,""height"":60}","{""label"":""robot"",""occlusion"":""none""}"
7-3-1.jpg,240438,{},21,8,"{""name"":""rect"",""x"":1055,""y"":457,""width"":24,""height"":63}","{""label"":""vase"",""occlusion"":""severe""}"
7-3-1.jpg,240438,{},21,9,"{""name"":""rect"",""x"":802,""y"":486,""width"":99,""height"":35}","{""label"":""headphones"",""occlusion"":""partial""}"
7-3-1.jpg,240438,{},21,10,"{""name"":""rect"",""x"":825,""y"":416,""width"":57,""height"":82}","{""label"":""bag"",""occlusion"":""partial""}"
7-3-1.jpg,240438,{},21,11,"{""name"":""rect"",""x"":632,""y"":102,""width"":192,""height"":416}","{""label"":""bookshelf"",""occlusion"":""none""}"
7-3-1.jpg,240438,{},21,12,"{""name"":""rect"",""x"":340,""y"":81,""width"":60,""height"":164}","{""label"":""bag"",""occlusion"":""none""}"
7-3-1.jpg,240438,{},21,13,"{""name"":""rect"",""x"":342,""y"":278,""width"":35,""height"":36}","{""label"":""door_handle"",""occlusion"":""none""}"
7-3-1.jpg,240438,{},21,14,"{""name"":""rect"",""x"":124,""y"":220,""width"":21,""height"":17}","{""label"":""sign"",""occlusion"":""none""}"
7-3-1.jpg,240438,{},21,15,"{""name"":""rect"",""x"":98,""y"":293,""width"":21,""height"":22}","{""label"":""door_handle"",""occlusion"":""none""}"
7-3-1.jpg,240438,{},21,16,"{""name"":""rect"",""x"":38,""y"":129,""width"":82,""height"":312}","{""label"":""door"",""occlusion"":""none""}"
7-3-1.jpg,240438,{},21,17,"{""name"":""rect"",""x"":80,""y"":76,""width"":82,""height"":52}","{""label"":""lamp"",""occlusion"":""partial""}"
7-3-1.jpg,240438,{},21,18,"{""name"":""rect"",""x"":182,""y"":39,""width"":198,""height"":481}","{""label"":""door"",""occlusion"":""partial""}"
7-3-1.jpg,240438,{},21,19,"{""name"":""rect"",""x"":755,""y"":484,""width"":324,""height"":36}","{""label"":""table"",""occlusion"":""partial""}"
7-3-1.jpg,240438,{},21,20,"{""name"":""rect"",""x"":878,""y"":504,""width"":117,""height"":16}","{""label"":""book"",""occlusion"":""severe""}"
7-3-2.jpg,261057,{},12,0,"{""name"":""rect"",""x"":530,""y"":11,""width"":60,""height"":221}","{""label"":""lamp"",""occlusion"":""none""}"
7-3-2.jpg,261057,{},12,1,"{""name"":""rect"",""x"":970,""y"":108,""width"":110,""height"":122}","{""label"":""lamp"",""occlusion"":""partial""}"
7-3-2.jpg,261057,{},12,2,"{""name"":""rect"",""x"":695,""y"":294,""width"":23,""height"":58}","{""label"":""wine_bottle"",""occlusion"":""none""}"
7-3-2.jpg,261057,{},12,3,"{""name"":""rect"",""x"":664,""y"":409,""width"":19,""height"":15}","{""label"":""rubiks_cube"",""occlusion"":""none""}"
7-3-2.jpg,261057,{},12,4,"{""name"":""rect"",""x"":668,""y"":435,""width"":31,""height"":68}","{""label"":""trophy"",""occlusion"":""none""}"
7-3-2.jpg,261057,{},12,5,"{""name"":""rect"",""x"":716,""y"":435,""width"":74,""height"":68}","{""label"":""robot"",""occlusion"":""none""}"
7-3-2.jpg,261057,{},12,6,"{""name"":""rect"",""x"":341,""y"":329,""width"":56,""height"":157}","{""label"":""bag"",""occlusion"":""none""}"
7-3-2.jpg,261057,{},12,7,"{""name"":""rect"",""x"":624,""y"":348,""width"":206,""height"":173}","{""label"":""bookshelf"",""occlusion"":""partial""}"
7-3-2.jpg,261057,{},12,8,"{""name"":""rect"",""x"":117,""y"":451,""width"":21,""height"":19}","{""label"":""sign"",""occlusion"":""none""}"
7-3-2.jpg,261057,{},12,9,"{""name"":""rect"",""x"":18,""y"":353,""width"":111,""height"":167}","{""label"":""door"",""occlusion"":""partial""}"
7-3-2.jpg,261057,{},12,10,"{""name"":""rect"",""x"":106,""y"":312,""width"":73,""height"":48}","{""label"":""lamp"",""occlusion"":""partial""}"
7-3-2.jpg,261057,{},12,11,"{""name"":""rect"",""x"":162,""y"":285,""width"":230,""height"":236}","{""label"":""door"",""occlusion"":""partial""}"
